Task,Ground_Size,Seed,Algorithm,Strategy,Local_Search,Heuristic,Sorting,Budget,Alpha,Model,Objective_f(S),Cost_c(S),Time_s,Node_Count,Open_List_Count,Solution_Set_Size
adult,111,0,EfficientBFS,density_gap,False,ub2,d,6.0,0.95,AdultIncomeFeatureSelection,7.206554549128117,5.836918288895902,30.59285855293274,9,1,5
adult,111,0,EfficientBFS,density_gap,True,ub2,d,6.0,0.95,AdultIncomeFeatureSelection,7.206554549128117,5.836918288895902,30.303550004959106,9,1,5
adult,111,0,EfficientBFS,probing,False,ub2,d,6.0,0.95,AdultIncomeFeatureSelection,7.206554549128117,5.836918288895902,32.566197633743286,5,1,5
adult,111,0,EfficientBFS,probing,True,ub2,d,6.0,0.95,AdultIncomeFeatureSelection,7.206554549128117,5.836918288895902,31.478157997131348,5,1,5
adult,111,0,EfficientBFS,traditional,False,ub2,d,6.0,0.95,AdultIncomeFeatureSelection,7.206554549128117,5.836918288895902,31.19217824935913,9,1,5
adult,111,0,EfficientBFS,traditional,True,ub2,d,6.0,0.95,AdultIncomeFeatureSelection,7.206554549128117,5.836918288895902,30.152597904205322,9,1,5
adult,111,0,EfficientBFS,volume_biased,False,ub2,d,6.0,0.95,AdultIncomeFeatureSelection,7.206554549128117,5.836918288895902,42.95990753173828,7,1,5
adult,111,0,EfficientBFS,volume_biased,True,ub2,d,6.0,0.95,AdultIncomeFeatureSelection,7.206554549128117,5.836918288895902,41.685344219207764,7,1,5
adult,111,0,EfficientBFS,density_gap,False,ub2,d,7.0,0.95,AdultIncomeFeatureSelection,7.206554549128117,6.999571383596946,66.13372850418091,30,1,6
adult,111,0,EfficientBFS,density_gap,True,ub2,d,7.0,0.95,AdultIncomeFeatureSelection,7.206554549128117,6.999571383596946,66.86342787742615,30,1,6
adult,111,0,EfficientBFS,probing,False,ub2,d,7.0,0.95,AdultIncomeFeatureSelection,7.206554549128117,6.999571383596946,89.00540566444397,28,1,6
adult,111,0,EfficientBFS,probing,True,ub2,d,7.0,0.95,AdultIncomeFeatureSelection,7.206554549128117,6.999571383596946,94.73136281967163,28,1,6
adult,111,0,EfficientBFS,traditional,False,ub2,d,7.0,0.95,AdultIncomeFeatureSelection,7.206554549128117,6.999571383596946,62.5971519947052,30,1,6
adult,111,0,EfficientBFS,traditional,True,ub2,d,7.0,0.95,AdultIncomeFeatureSelection,7.206554549128117,6.999571383596946,65.39956903457642,30,1,6
adult,111,0,EfficientBFS,volume_biased,False,ub2,d,7.0,0.95,AdultIncomeFeatureSelection,7.206554549128117,6.999571383596946,177.2584240436554,59,1,6
adult,111,0,EfficientBFS,volume_biased,True,ub2,d,7.0,0.95,AdultIncomeFeatureSelection,7.206554549128117,6.999571383596946,187.51902770996094,59,1,6
adult,111,0,EfficientBFS,density_gap,False,ub2,d,8.0,0.95,AdultIncomeFeatureSelection,8.120308338114878,7.606156453874604,71.08887457847595,21,1,6
adult,111,0,EfficientBFS,density_gap,True,ub2,d,8.0,0.95,AdultIncomeFeatureSelection,8.120308338114878,7.606156453874604,73.69014430046082,21,1,6
adult,111,0,EfficientBFS,probing,False,ub2,d,8.0,0.95,AdultIncomeFeatureSelection,8.120308338114878,7.606156453874604,95.42247176170349,13,1,6
adult,111,0,EfficientBFS,probing,True,ub2,d,8.0,0.95,AdultIncomeFeatureSelection,8.120308338114878,7.606156453874604,94.80803227424622,13,1,6
adult,111,0,EfficientBFS,traditional,False,ub2,d,8.0,0.95,AdultIncomeFeatureSelection,8.120308338114878,7.606156453874604,70.90799617767334,21,1,6
adult,111,0,EfficientBFS,traditional,True,ub2,d,8.0,0.95,AdultIncomeFeatureSelection,8.120308338114878,7.606156453874604,70.49618601799011,21,1,6
adult,111,0,EfficientBFS,volume_biased,False,ub2,d,8.0,0.95,AdultIncomeFeatureSelection,8.120308338114878,7.606156453874604,204.82447218894958,27,1,6
adult,111,0,EfficientBFS,volume_biased,True,ub2,d,8.0,0.95,AdultIncomeFeatureSelection,8.120308338114878,7.606156453874604,216.89614510536194,27,1,6
adult,111,0,EfficientBFS,density_gap,False,ub2,d,9.0,0.95,AdultIncomeFeatureSelection,8.270787166482998,8.93153812094754,185.10164833068848,56,1,7
adult,111,0,EfficientBFS,density_gap,True,ub2,d,9.0,0.95,AdultIncomeFeatureSelection,8.270787166482998,8.93153812094754,185.37269926071167,56,1,7
adult,111,0,EfficientBFS,probing,False,ub2,d,9.0,0.95,AdultIncomeFeatureSelection,8.270787166482998,8.93153812094754,238.57361316680908,35,1,7
adult,111,0,EfficientBFS,probing,True,ub2,d,9.0,0.95,AdultIncomeFeatureSelection,8.270787166482998,8.93153812094754,238.7322747707367,35,1,7
adult,111,0,EfficientBFS,traditional,False,ub2,d,9.0,0.95,AdultIncomeFeatureSelection,8.270787166482998,8.93153812094754,177.87511229515076,56,1,7
adult,111,0,EfficientBFS,traditional,True,ub2,d,9.0,0.95,AdultIncomeFeatureSelection,8.270787166482998,8.93153812094754,173.91830158233643,56,1,7
adult,111,0,EfficientBFS,volume_biased,False,ub2,d,9.0,0.95,AdultIncomeFeatureSelection,8.270787166482998,8.93153812094754,759.2847962379456,127,1,7
adult,111,0,EfficientBFS,volume_biased,True,ub2,d,9.0,0.95,AdultIncomeFeatureSelection,8.270787166482998,8.93153812094754,760.1425893306732,127,1,7
adult,111,0,EfficientBFS,density_gap,False,ub2,d,10.0,0.95,AdultIncomeFeatureSelection,8.655822627528229,9.30543439168037,16.137447595596313,1,1,7
adult,111,0,EfficientBFS,density_gap,True,ub2,d,10.0,0.95,AdultIncomeFeatureSelection,8.655822627528229,9.30543439168037,16.44459843635559,1,1,7
adult,111,0,EfficientBFS,probing,False,ub2,d,10.0,0.95,AdultIncomeFeatureSelection,8.655822627528229,9.30543439168037,16.321569204330444,1,1,7
adult,111,0,EfficientBFS,probing,True,ub2,d,10.0,0.95,AdultIncomeFeatureSelection,8.655822627528229,9.30543439168037,15.989813566207886,1,1,7
adult,111,0,EfficientBFS,traditional,False,ub2,d,10.0,0.95,AdultIncomeFeatureSelection,8.655822627528229,9.30543439168037,16.12581157684326,1,1,7
adult,111,0,EfficientBFS,traditional,True,ub2,d,10.0,0.95,AdultIncomeFeatureSelection,8.655822627528229,9.30543439168037,16.26763677597046,1,1,7
adult,111,0,EfficientBFS,volume_biased,False,ub2,d,10.0,0.95,AdultIncomeFeatureSelection,8.655822627528229,9.30543439168037,16.18456792831421,1,1,7
adult,111,0,EfficientBFS,volume_biased,True,ub2,d,10.0,0.95,AdultIncomeFeatureSelection,8.655822627528229,9.30543439168037,16.18406844139099,1,1,7
adult,111,0,EfficientBFS,density_gap,False,ub2,d,11.0,0.95,AdultIncomeFeatureSelection,8.783987100764925,10.630816058753307,17.60845398902893,1,1,8
adult,111,0,EfficientBFS,density_gap,True,ub2,d,11.0,0.95,AdultIncomeFeatureSelection,8.783987100764925,10.630816058753307,17.334537982940674,1,1,8
adult,111,0,EfficientBFS,probing,False,ub2,d,11.0,0.95,AdultIncomeFeatureSelection,8.783987100764925,10.630816058753307,17.587252140045166,1,1,8
adult,111,0,EfficientBFS,probing,True,ub2,d,11.0,0.95,AdultIncomeFeatureSelection,8.783987100764925,10.630816058753307,17.790507793426514,1,1,8
adult,111,0,EfficientBFS,traditional,False,ub2,d,11.0,0.95,AdultIncomeFeatureSelection,8.783987100764925,10.630816058753307,17.705772638320923,1,1,8
adult,111,0,EfficientBFS,traditional,True,ub2,d,11.0,0.95,AdultIncomeFeatureSelection,8.783987100764925,10.630816058753307,17.54391622543335,1,1,8
adult,111,0,EfficientBFS,volume_biased,False,ub2,d,11.0,0.95,AdultIncomeFeatureSelection,8.783987100764925,10.630816058753307,17.193861722946167,1,1,8
adult,111,0,EfficientBFS,volume_biased,True,ub2,d,11.0,0.95,AdultIncomeFeatureSelection,8.783987100764925,10.630816058753307,17.80322766304016,1,1,8
adult,111,0,EfficientBFS,density_gap,False,ub2,d,12.0,0.95,AdultIncomeFeatureSelection,8.97806831132171,11.263098232424204,17.796533346176147,1,1,8
adult,111,0,EfficientBFS,density_gap,True,ub2,d,12.0,0.95,AdultIncomeFeatureSelection,8.97806831132171,11.263098232424204,17.487351179122925,1,1,8
adult,111,0,EfficientBFS,probing,False,ub2,d,12.0,0.95,AdultIncomeFeatureSelection,8.97806831132171,11.263098232424204,17.734496593475342,1,1,8
adult,111,0,EfficientBFS,probing,True,ub2,d,12.0,0.95,AdultIncomeFeatureSelection,8.97806831132171,11.263098232424204,17.84703540802002,1,1,8
adult,111,0,EfficientBFS,traditional,False,ub2,d,12.0,0.95,AdultIncomeFeatureSelection,8.97806831132171,11.263098232424204,17.449049949645996,1,1,8
adult,111,0,EfficientBFS,traditional,True,ub2,d,12.0,0.95,AdultIncomeFeatureSelection,8.97806831132171,11.263098232424204,17.55609917640686,1,1,8
adult,111,0,EfficientBFS,volume_biased,False,ub2,d,12.0,0.95,AdultIncomeFeatureSelection,8.97806831132171,11.263098232424204,17.815625429153442,1,1,8
adult,111,0,EfficientBFS,volume_biased,True,ub2,d,12.0,0.95,AdultIncomeFeatureSelection,8.97806831132171,11.263098232424204,18.094741106033325,1,1,8
adult,111,0,EfficientBFS,density_gap,False,ub2,d,13.0,0.95,AdultIncomeFeatureSelection,9.04398504864179,12.588479899497141,18.894286632537842,1,1,9
adult,111,0,EfficientBFS,density_gap,True,ub2,d,13.0,0.95,AdultIncomeFeatureSelection,9.04398504864179,12.588479899497141,19.0166437625885,1,1,9
adult,111,0,EfficientBFS,probing,False,ub2,d,13.0,0.95,AdultIncomeFeatureSelection,9.04398504864179,12.588479899497141,18.859285831451416,1,1,9
adult,111,0,EfficientBFS,probing,True,ub2,d,13.0,0.95,AdultIncomeFeatureSelection,9.04398504864179,12.588479899497141,18.88563561439514,1,1,9
adult,111,0,EfficientBFS,traditional,False,ub2,d,13.0,0.95,AdultIncomeFeatureSelection,9.04398504864179,12.588479899497141,18.853176832199097,1,1,9
adult,111,0,EfficientBFS,traditional,True,ub2,d,13.0,0.95,AdultIncomeFeatureSelection,9.04398504864179,12.588479899497141,18.65105700492859,1,1,9
adult,111,0,EfficientBFS,volume_biased,False,ub2,d,13.0,0.95,AdultIncomeFeatureSelection,9.04398504864179,12.588479899497141,18.737867832183838,1,1,9
adult,111,0,EfficientBFS,volume_biased,True,ub2,d,13.0,0.95,AdultIncomeFeatureSelection,9.04398504864179,12.588479899497141,18.723853826522827,1,1,9
adult,111,0,EfficientBFS,density_gap,False,ub2,d,14.0,0.95,AdultIncomeFeatureSelection,9.15488859753139,13.361953606101252,18.2501277923584,1,1,9
adult,111,0,EfficientBFS,density_gap,True,ub2,d,14.0,0.95,AdultIncomeFeatureSelection,9.15488859753139,13.361953606101252,19.813467741012573,1,1,9
adult,111,0,EfficientBFS,probing,False,ub2,d,14.0,0.95,AdultIncomeFeatureSelection,9.15488859753139,13.361953606101252,18.135323762893677,1,1,9
adult,111,0,EfficientBFS,probing,True,ub2,d,14.0,0.95,AdultIncomeFeatureSelection,9.15488859753139,13.361953606101252,19.295230865478516,1,1,9
adult,111,0,EfficientBFS,traditional,False,ub2,d,14.0,0.95,AdultIncomeFeatureSelection,9.15488859753139,13.361953606101252,18.64277696609497,1,1,9
adult,111,0,EfficientBFS,traditional,True,ub2,d,14.0,0.95,AdultIncomeFeatureSelection,9.15488859753139,13.361953606101252,19.09338879585266,1,1,9
adult,111,0,EfficientBFS,volume_biased,False,ub2,d,14.0,0.95,AdultIncomeFeatureSelection,9.15488859753139,13.361953606101252,17.978620529174805,1,1,9
adult,111,0,EfficientBFS,volume_biased,True,ub2,d,14.0,0.95,AdultIncomeFeatureSelection,9.15488859753139,13.361953606101252,18.929369688034058,1,1,9
adult,111,0,EfficientBFS,density_gap,False,ub2,d,15.0,0.95,AdultIncomeFeatureSelection,9.15488859753139,14.895635822911448,18.939029216766357,1,1,10
adult,111,0,EfficientBFS,density_gap,True,ub2,d,15.0,0.95,AdultIncomeFeatureSelection,9.15488859753139,14.895635822911448,18.572627544403076,1,1,10
adult,111,0,EfficientBFS,probing,False,ub2,d,15.0,0.95,AdultIncomeFeatureSelection,9.15488859753139,14.895635822911448,18.892076015472412,1,1,10
adult,111,0,EfficientBFS,probing,True,ub2,d,15.0,0.95,AdultIncomeFeatureSelection,9.15488859753139,14.895635822911448,18.795929431915283,1,1,10
adult,111,0,EfficientBFS,traditional,False,ub2,d,15.0,0.95,AdultIncomeFeatureSelection,9.15488859753139,14.895635822911448,19.389373779296875,1,1,10
adult,111,0,EfficientBFS,traditional,True,ub2,d,15.0,0.95,AdultIncomeFeatureSelection,9.15488859753139,14.895635822911448,19.26375985145569,1,1,10
adult,111,0,EfficientBFS,volume_biased,False,ub2,d,15.0,0.95,AdultIncomeFeatureSelection,9.15488859753139,14.895635822911448,18.47933077812195,1,1,10
adult,111,0,EfficientBFS,volume_biased,True,ub2,d,15.0,0.95,AdultIncomeFeatureSelection,9.15488859753139,14.895635822911448,19.712104082107544,1,1,10
adult,111,0,EfficientBFS,density_gap,False,ub2,d,16.0,0.95,AdultIncomeFeatureSelection,9.182614484753786,15.32247523740667,19.193931579589844,1,1,10
adult,111,0,EfficientBFS,density_gap,True,ub2,d,16.0,0.95,AdultIncomeFeatureSelection,9.182614484753786,15.32247523740667,18.954727172851562,1,1,10
adult,111,0,EfficientBFS,probing,False,ub2,d,16.0,0.95,AdultIncomeFeatureSelection,9.182614484753786,15.32247523740667,18.682595252990723,1,1,10
adult,111,0,EfficientBFS,probing,True,ub2,d,16.0,0.95,AdultIncomeFeatureSelection,9.182614484753786,15.32247523740667,19.022032976150513,1,1,10
adult,111,0,EfficientBFS,traditional,False,ub2,d,16.0,0.95,AdultIncomeFeatureSelection,9.182614484753786,15.32247523740667,19.061007022857666,1,1,10
adult,111,0,EfficientBFS,traditional,True,ub2,d,16.0,0.95,AdultIncomeFeatureSelection,9.182614484753786,15.32247523740667,18.388768434524536,1,1,10
adult,111,0,EfficientBFS,volume_biased,False,ub2,d,16.0,0.95,AdultIncomeFeatureSelection,9.182614484753786,15.32247523740667,19.059520959854126,1,1,10
adult,111,0,EfficientBFS,volume_biased,True,ub2,d,16.0,0.95,AdultIncomeFeatureSelection,9.182614484753786,15.32247523740667,19.514031171798706,1,1,10
adult,111,0,EfficientBFS,density_gap,False,ub2,d,17.0,0.95,AdultIncomeFeatureSelection,9.210340371976184,16.248455266486403,18.837424993515015,1,1,10
adult,111,0,EfficientBFS,density_gap,True,ub2,d,17.0,0.95,AdultIncomeFeatureSelection,9.210340371976184,16.248455266486403,19.2155978679657,1,1,10
adult,111,0,EfficientBFS,probing,False,ub2,d,17.0,0.95,AdultIncomeFeatureSelection,9.210340371976184,16.248455266486403,19.290452241897583,1,1,10
adult,111,0,EfficientBFS,probing,True,ub2,d,17.0,0.95,AdultIncomeFeatureSelection,9.210340371976184,16.248455266486403,18.802565574645996,1,1,10
adult,111,0,EfficientBFS,traditional,False,ub2,d,17.0,0.95,AdultIncomeFeatureSelection,9.210340371976184,16.248455266486403,19.438343048095703,1,1,10
adult,111,0,EfficientBFS,traditional,True,ub2,d,17.0,0.95,AdultIncomeFeatureSelection,9.210340371976184,16.248455266486403,18.8080415725708,1,1,10
adult,111,0,EfficientBFS,volume_biased,False,ub2,d,17.0,0.95,AdultIncomeFeatureSelection,9.210340371976184,16.248455266486403,18.82589054107666,1,1,10
adult,111,0,EfficientBFS,volume_biased,True,ub2,d,17.0,0.95,AdultIncomeFeatureSelection,9.210340371976184,16.248455266486403,18.98482847213745,1,1,10
adult,111,0,EfficientBFS,density_gap,False,ub2,d,18.0,0.95,AdultIncomeFeatureSelection,9.210340371976184,17.782137483296598,19.677839279174805,1,1,11
adult,111,0,EfficientBFS,density_gap,True,ub2,d,18.0,0.95,AdultIncomeFeatureSelection,9.210340371976184,17.782137483296598,18.647260427474976,1,1,11
adult,111,0,EfficientBFS,probing,False,ub2,d,18.0,0.95,AdultIncomeFeatureSelection,9.210340371976184,17.782137483296598,19.134798049926758,1,1,11
adult,111,0,EfficientBFS,probing,True,ub2,d,18.0,0.95,AdultIncomeFeatureSelection,9.210340371976184,17.782137483296598,19.456453323364258,1,1,11
adult,111,0,EfficientBFS,traditional,False,ub2,d,18.0,0.95,AdultIncomeFeatureSelection,9.210340371976184,17.782137483296598,19.148704767227173,1,1,11
adult,111,0,EfficientBFS,traditional,True,ub2,d,18.0,0.95,AdultIncomeFeatureSelection,9.210340371976184,17.782137483296598,19.609939336776733,1,1,11
adult,111,0,EfficientBFS,volume_biased,False,ub2,d,18.0,0.95,AdultIncomeFeatureSelection,9.210340371976184,17.782137483296598,20.368151426315308,1,1,11
adult,111,0,EfficientBFS,volume_biased,True,ub2,d,18.0,0.95,AdultIncomeFeatureSelection,9.210340371976184,17.782137483296598,18.884756803512573,1,1,11
adult,111,0,EfficientBFS,density_gap,False,ub2,d,19.0,0.95,AdultIncomeFeatureSelection,9.210340371976184,18.855722555336577,18.65981388092041,1,1,11
adult,111,0,EfficientBFS,density_gap,True,ub2,d,19.0,0.95,AdultIncomeFeatureSelection,9.210340371976184,18.855722555336577,19.223949670791626,1,1,11
adult,111,0,EfficientBFS,probing,False,ub2,d,19.0,0.95,AdultIncomeFeatureSelection,9.210340371976184,18.855722555336577,19.138612031936646,1,1,11
adult,111,0,EfficientBFS,probing,True,ub2,d,19.0,0.95,AdultIncomeFeatureSelection,9.210340371976184,18.855722555336577,19.242072582244873,1,1,11
adult,111,0,EfficientBFS,traditional,False,ub2,d,19.0,0.95,AdultIncomeFeatureSelection,9.210340371976184,18.855722555336577,19.39556884765625,1,1,11
adult,111,0,EfficientBFS,traditional,True,ub2,d,19.0,0.95,AdultIncomeFeatureSelection,9.210340371976184,18.855722555336577,19.0873544216156,1,1,11
adult,111,0,EfficientBFS,volume_biased,False,ub2,d,19.0,0.95,AdultIncomeFeatureSelection,9.210340371976184,18.855722555336577,19.72438406944275,1,1,11
adult,111,0,EfficientBFS,volume_biased,True,ub2,d,19.0,0.95,AdultIncomeFeatureSelection,9.210340371976184,18.855722555336577,18.197246313095093,1,1,11
adult,111,0,EfficientBFS,density_gap,False,ub2,d,20.0,0.95,AdultIncomeFeatureSelection,9.210340371976184,19.972442346931373,18.687740564346313,1,1,11
adult,111,0,EfficientBFS,density_gap,True,ub2,d,20.0,0.95,AdultIncomeFeatureSelection,9.210340371976184,19.972442346931373,19.210843086242676,1,1,11
adult,111,0,EfficientBFS,probing,False,ub2,d,20.0,0.95,AdultIncomeFeatureSelection,9.210340371976184,19.972442346931373,18.929999351501465,1,1,11
adult,111,0,EfficientBFS,probing,True,ub2,d,20.0,0.95,AdultIncomeFeatureSelection,9.210340371976184,19.972442346931373,19.023284196853638,1,1,11
adult,111,0,EfficientBFS,traditional,False,ub2,d,20.0,0.95,AdultIncomeFeatureSelection,9.210340371976184,19.972442346931373,18.877075910568237,1,1,11
adult,111,0,EfficientBFS,traditional,True,ub2,d,20.0,0.95,AdultIncomeFeatureSelection,9.210340371976184,19.972442346931373,19.289057731628418,1,1,11
adult,111,0,EfficientBFS,volume_biased,False,ub2,d,20.0,0.95,AdultIncomeFeatureSelection,9.210340371976184,19.972442346931373,19.82404088973999,1,1,11
adult,111,0,EfficientBFS,volume_biased,True,ub2,d,20.0,0.95,AdultIncomeFeatureSelection,9.210340371976184,19.972442346931373,19.1481876373291,1,1,11
adult,111,0,EfficientBFS,density_gap,False,ub2,d,21.0,0.95,AdultIncomeFeatureSelection,9.210340371976184,20.88785997610681,18.990007162094116,1,1,11
adult,111,0,EfficientBFS,density_gap,True,ub2,d,21.0,0.95,AdultIncomeFeatureSelection,9.210340371976184,20.88785997610681,19.195688247680664,1,1,11
adult,111,0,EfficientBFS,probing,False,ub2,d,21.0,0.95,AdultIncomeFeatureSelection,9.210340371976184,20.88785997610681,18.889461517333984,1,1,11
adult,111,0,EfficientBFS,probing,True,ub2,d,21.0,0.95,AdultIncomeFeatureSelection,9.210340371976184,20.88785997610681,19.48660945892334,1,1,11
adult,111,0,EfficientBFS,traditional,False,ub2,d,21.0,0.95,AdultIncomeFeatureSelection,9.210340371976184,20.88785997610681,18.7629337310791,1,1,11
adult,111,0,EfficientBFS,traditional,True,ub2,d,21.0,0.95,AdultIncomeFeatureSelection,9.210340371976184,20.88785997610681,19.398484230041504,1,1,11
adult,111,0,EfficientBFS,volume_biased,False,ub2,d,21.0,0.95,AdultIncomeFeatureSelection,9.210340371976184,20.88785997610681,18.935816287994385,1,1,11
adult,111,0,EfficientBFS,volume_biased,True,ub2,d,21.0,0.95,AdultIncomeFeatureSelection,9.210340371976184,20.88785997610681,19.39891767501831,1,1,11
adult,111,0,EfficientBFS,density_gap,False,ub2,d,22.0,0.95,AdultIncomeFeatureSelection,9.210340371976184,21.162516013579996,19.485719919204712,1,1,11
adult,111,0,EfficientBFS,density_gap,True,ub2,d,22.0,0.95,AdultIncomeFeatureSelection,9.210340371976184,21.162516013579996,19.004926443099976,1,1,11
adult,111,0,EfficientBFS,probing,False,ub2,d,22.0,0.95,AdultIncomeFeatureSelection,9.210340371976184,21.162516013579996,19.589224338531494,1,1,11
adult,111,0,EfficientBFS,probing,True,ub2,d,22.0,0.95,AdultIncomeFeatureSelection,9.210340371976184,21.162516013579996,19.619570016860962,1,1,11
adult,111,0,EfficientBFS,traditional,False,ub2,d,22.0,0.95,AdultIncomeFeatureSelection,9.210340371976184,21.162516013579996,19.40031123161316,1,1,11
adult,111,0,EfficientBFS,traditional,True,ub2,d,22.0,0.95,AdultIncomeFeatureSelection,9.210340371976184,21.162516013579996,19.22330951690674,1,1,11
adult,111,0,EfficientBFS,volume_biased,False,ub2,d,22.0,0.95,AdultIncomeFeatureSelection,9.210340371976184,21.162516013579996,19.264687299728394,1,1,11
adult,111,0,EfficientBFS,volume_biased,True,ub2,d,22.0,0.95,AdultIncomeFeatureSelection,9.210340371976184,21.162516013579996,19.39765954017639,1,1,11
adult,111,0,EfficientBFS,density_gap,False,ub2,d,23.0,0.95,AdultIncomeFeatureSelection,9.210340371976184,22.168612901006874,18.962567567825317,1,1,12
adult,111,0,EfficientBFS,density_gap,True,ub2,d,23.0,0.95,AdultIncomeFeatureSelection,9.210340371976184,22.168612901006874,19.06404423713684,1,1,12
adult,111,0,EfficientBFS,probing,False,ub2,d,23.0,0.95,AdultIncomeFeatureSelection,9.210340371976184,22.168612901006874,19.405967712402344,1,1,12
adult,111,0,EfficientBFS,probing,True,ub2,d,23.0,0.95,AdultIncomeFeatureSelection,9.210340371976184,22.168612901006874,19.254475116729736,1,1,12
adult,111,0,EfficientBFS,traditional,False,ub2,d,23.0,0.95,AdultIncomeFeatureSelection,9.210340371976184,22.168612901006874,18.88255476951599,1,1,12
adult,111,0,EfficientBFS,traditional,True,ub2,d,23.0,0.95,AdultIncomeFeatureSelection,9.210340371976184,22.168612901006874,19.01655387878418,1,1,12
adult,111,0,EfficientBFS,volume_biased,False,ub2,d,23.0,0.95,AdultIncomeFeatureSelection,9.210340371976184,22.168612901006874,19.1730694770813,1,1,12
adult,111,0,EfficientBFS,volume_biased,True,ub2,d,23.0,0.95,AdultIncomeFeatureSelection,9.210340371976184,22.168612901006874,19.13465642929077,1,1,12
adult,111,0,EfficientBFS,density_gap,False,ub2,d,24.0,0.95,AdultIncomeFeatureSelection,9.210340371976184,23.21835817632413,19.922633171081543,1,1,13
adult,111,0,EfficientBFS,density_gap,True,ub2,d,24.0,0.95,AdultIncomeFeatureSelection,9.210340371976184,23.21835817632413,18.97174596786499,1,1,13
adult,111,0,EfficientBFS,probing,False,ub2,d,24.0,0.95,AdultIncomeFeatureSelection,9.210340371976184,23.21835817632413,19.849657773971558,1,1,13
adult,111,0,EfficientBFS,probing,True,ub2,d,24.0,0.95,AdultIncomeFeatureSelection,9.210340371976184,23.21835817632413,19.060328006744385,1,1,13
adult,111,0,EfficientBFS,traditional,False,ub2,d,24.0,0.95,AdultIncomeFeatureSelection,9.210340371976184,23.21835817632413,19.564239740371704,1,1,13
adult,111,0,EfficientBFS,traditional,True,ub2,d,24.0,0.95,AdultIncomeFeatureSelection,9.210340371976184,23.21835817632413,18.772042751312256,1,1,13
adult,111,0,EfficientBFS,volume_biased,False,ub2,d,24.0,0.95,AdultIncomeFeatureSelection,9.210340371976184,23.21835817632413,20.018216609954834,1,1,13
adult,111,0,EfficientBFS,volume_biased,True,ub2,d,24.0,0.95,AdultIncomeFeatureSelection,9.210340371976184,23.21835817632413,19.31807565689087,1,1,13
adult,111,0,EfficientBFS,density_gap,False,ub2,d,25.0,0.95,AdultIncomeFeatureSelection,9.210340371976184,24.381011271025177,19.078416347503662,1,1,14
adult,111,0,EfficientBFS,density_gap,True,ub2,d,25.0,0.95,AdultIncomeFeatureSelection,9.210340371976184,24.381011271025177,19.304116249084473,1,1,14
adult,111,0,EfficientBFS,probing,False,ub2,d,25.0,0.95,AdultIncomeFeatureSelection,9.210340371976184,24.381011271025177,19.271580696105957,1,1,14
adult,111,0,EfficientBFS,probing,True,ub2,d,25.0,0.95,AdultIncomeFeatureSelection,9.210340371976184,24.381011271025177,19.65595316886902,1,1,14
adult,111,0,EfficientBFS,traditional,False,ub2,d,25.0,0.95,AdultIncomeFeatureSelection,9.210340371976184,24.381011271025177,19.996047973632812,1,1,14
adult,111,0,EfficientBFS,traditional,True,ub2,d,25.0,0.95,AdultIncomeFeatureSelection,9.210340371976184,24.381011271025177,19.583515644073486,1,1,14
adult,111,0,EfficientBFS,volume_biased,False,ub2,d,25.0,0.95,AdultIncomeFeatureSelection,9.210340371976184,24.381011271025177,19.32880926132202,1,1,14
adult,111,0,EfficientBFS,volume_biased,True,ub2,d,25.0,0.95,AdultIncomeFeatureSelection,9.210340371976184,24.381011271025177,19.17308497428894,1,1,14
adult,111,0,EfficientBFS,density_gap,False,ub2,d,26.0,0.95,AdultIncomeFeatureSelection,9.210340371976184,25.54902939889454,19.78883957862854,1,1,15
adult,111,0,EfficientBFS,density_gap,True,ub2,d,26.0,0.95,AdultIncomeFeatureSelection,9.210340371976184,25.54902939889454,19.129793882369995,1,1,15
adult,111,0,EfficientBFS,probing,False,ub2,d,26.0,0.95,AdultIncomeFeatureSelection,9.210340371976184,25.54902939889454,19.576082706451416,1,1,15
adult,111,0,EfficientBFS,probing,True,ub2,d,26.0,0.95,AdultIncomeFeatureSelection,9.210340371976184,25.54902939889454,19.198321104049683,1,1,15
adult,111,0,EfficientBFS,traditional,False,ub2,d,26.0,0.95,AdultIncomeFeatureSelection,9.210340371976184,25.54902939889454,19.110833644866943,1,1,15
adult,111,0,EfficientBFS,traditional,True,ub2,d,26.0,0.95,AdultIncomeFeatureSelection,9.210340371976184,25.54902939889454,19.09839916229248,1,1,15
adult,111,0,EfficientBFS,volume_biased,False,ub2,d,26.0,0.95,AdultIncomeFeatureSelection,9.210340371976184,25.54902939889454,19.85167622566223,1,1,15
adult,111,0,EfficientBFS,volume_biased,True,ub2,d,26.0,0.95,AdultIncomeFeatureSelection,9.210340371976184,25.54902939889454,19.4116792678833,1,1,15
adult,111,0,EfficientBFS,density_gap,False,ub2,d,27.0,0.95,AdultIncomeFeatureSelection,9.210340371976184,26.940166766097178,18.914644956588745,1,1,16
adult,111,0,EfficientBFS,density_gap,True,ub2,d,27.0,0.95,AdultIncomeFeatureSelection,9.210340371976184,26.940166766097178,19.15435218811035,1,1,16
adult,111,0,EfficientBFS,probing,False,ub2,d,27.0,0.95,AdultIncomeFeatureSelection,9.210340371976184,26.940166766097178,18.595709323883057,1,1,16
adult,111,0,EfficientBFS,probing,True,ub2,d,27.0,0.95,AdultIncomeFeatureSelection,9.210340371976184,26.940166766097178,19.733808279037476,1,1,16
adult,111,0,EfficientBFS,traditional,False,ub2,d,27.0,0.95,AdultIncomeFeatureSelection,9.210340371976184,26.940166766097178,19.17546772956848,1,1,16
adult,111,0,EfficientBFS,traditional,True,ub2,d,27.0,0.95,AdultIncomeFeatureSelection,9.210340371976184,26.940166766097178,18.922231435775757,1,1,16
adult,111,0,EfficientBFS,volume_biased,False,ub2,d,27.0,0.95,AdultIncomeFeatureSelection,9.210340371976184,26.940166766097178,18.624131202697754,1,1,16
adult,111,0,EfficientBFS,volume_biased,True,ub2,d,27.0,0.95,AdultIncomeFeatureSelection,9.210340371976184,26.940166766097178,19.29588532447815,1,1,16
adult,111,0,EfficientBFS,density_gap,False,ub2,d,28.0,0.95,AdultIncomeFeatureSelection,9.210340371976184,26.940166766097178,19.244569778442383,1,1,16
adult,111,0,EfficientBFS,density_gap,True,ub2,d,28.0,0.95,AdultIncomeFeatureSelection,9.210340371976184,26.940166766097178,18.685626983642578,1,1,16
adult,111,0,EfficientBFS,probing,False,ub2,d,28.0,0.95,AdultIncomeFeatureSelection,9.210340371976184,26.940166766097178,19.43837809562683,1,1,16
adult,111,0,EfficientBFS,probing,True,ub2,d,28.0,0.95,AdultIncomeFeatureSelection,9.210340371976184,26.940166766097178,19.342508792877197,1,1,16
adult,111,0,EfficientBFS,traditional,False,ub2,d,28.0,0.95,AdultIncomeFeatureSelection,9.210340371976184,26.940166766097178,18.58724570274353,1,1,16
adult,111,0,EfficientBFS,traditional,True,ub2,d,28.0,0.95,AdultIncomeFeatureSelection,9.210340371976184,26.940166766097178,19.16350030899048,1,1,16
adult,111,0,EfficientBFS,volume_biased,False,ub2,d,28.0,0.95,AdultIncomeFeatureSelection,9.210340371976184,26.940166766097178,19.401749849319458,1,1,16
adult,111,0,EfficientBFS,volume_biased,True,ub2,d,28.0,0.95,AdultIncomeFeatureSelection,9.210340371976184,26.940166766097178,19.395643711090088,1,1,16
adult,111,0,EfficientBFS,density_gap,False,ub2,d,29.0,0.95,AdultIncomeFeatureSelection,9.210340371976184,28.340889522352015,19.54014492034912,1,1,17
adult,111,0,EfficientBFS,density_gap,True,ub2,d,29.0,0.95,AdultIncomeFeatureSelection,9.210340371976184,28.340889522352015,18.870039701461792,1,1,17
adult,111,0,EfficientBFS,probing,False,ub2,d,29.0,0.95,AdultIncomeFeatureSelection,9.210340371976184,28.340889522352015,19.064919471740723,1,1,17
adult,111,0,EfficientBFS,probing,True,ub2,d,29.0,0.95,AdultIncomeFeatureSelection,9.210340371976184,28.340889522352015,19.515920162200928,1,1,17
adult,111,0,EfficientBFS,traditional,False,ub2,d,29.0,0.95,AdultIncomeFeatureSelection,9.210340371976184,28.340889522352015,18.901055097579956,1,1,17
adult,111,0,EfficientBFS,traditional,True,ub2,d,29.0,0.95,AdultIncomeFeatureSelection,9.210340371976184,28.340889522352015,19.391976356506348,1,1,17
adult,111,0,EfficientBFS,volume_biased,False,ub2,d,29.0,0.95,AdultIncomeFeatureSelection,9.210340371976184,28.340889522352015,18.951582431793213,1,1,17
adult,111,0,EfficientBFS,volume_biased,True,ub2,d,29.0,0.95,AdultIncomeFeatureSelection,9.210340371976184,28.340889522352015,19.290248155593872,1,1,17
adult,111,0,EfficientBFS,density_gap,False,ub2,d,30.0,0.95,AdultIncomeFeatureSelection,9.210340371976184,29.816505101490996,19.219804048538208,1,1,18
adult,111,0,EfficientBFS,density_gap,True,ub2,d,30.0,0.95,AdultIncomeFeatureSelection,9.210340371976184,29.816505101490996,19.24009346961975,1,1,18
adult,111,0,EfficientBFS,probing,False,ub2,d,30.0,0.95,AdultIncomeFeatureSelection,9.210340371976184,29.816505101490996,19.481280088424683,1,1,18
adult,111,0,EfficientBFS,probing,True,ub2,d,30.0,0.95,AdultIncomeFeatureSelection,9.210340371976184,29.816505101490996,19.05510139465332,1,1,18
adult,111,0,EfficientBFS,traditional,False,ub2,d,30.0,0.95,AdultIncomeFeatureSelection,9.210340371976184,29.816505101490996,18.530158519744873,1,1,18
adult,111,0,EfficientBFS,traditional,True,ub2,d,30.0,0.95,AdultIncomeFeatureSelection,9.210340371976184,29.816505101490996,19.204261302947998,1,1,18
adult,111,0,EfficientBFS,volume_biased,False,ub2,d,30.0,0.95,AdultIncomeFeatureSelection,9.210340371976184,29.816505101490996,19.719902276992798,1,1,18
adult,111,0,EfficientBFS,volume_biased,True,ub2,d,30.0,0.95,AdultIncomeFeatureSelection,9.210340371976184,29.816505101490996,18.985398769378662,1,1,18
caltech,767,0,EfficientBFS,density_gap,False,ub2,d,6.0,0.95,CalTechMaximization,334.6860300087528,5.80060697008937,123.24878144264221,1,1,5
caltech,767,0,EfficientBFS,density_gap,True,ub2,d,6.0,0.95,CalTechMaximization,334.6860300087528,5.80060697008937,134.75962090492249,1,1,5
caltech,767,0,EfficientBFS,probing,False,ub2,d,6.0,0.95,CalTechMaximization,334.6860300087528,5.80060697008937,124.70955491065979,1,1,5
caltech,767,0,EfficientBFS,probing,True,ub2,d,6.0,0.95,CalTechMaximization,334.6860300087528,5.80060697008937,134.676016330719,1,1,5
caltech,767,0,EfficientBFS,traditional,False,ub2,d,6.0,0.95,CalTechMaximization,334.6860300087528,5.80060697008937,133.76352620124817,1,1,5
caltech,767,0,EfficientBFS,traditional,True,ub2,d,6.0,0.95,CalTechMaximization,334.6860300087528,5.80060697008937,135.34747886657715,1,1,5
caltech,767,0,EfficientBFS,volume_biased,False,ub2,d,6.0,0.95,CalTechMaximization,334.6860300087528,5.80060697008937,125.84324169158936,1,1,5
caltech,767,0,EfficientBFS,volume_biased,True,ub2,d,6.0,0.95,CalTechMaximization,334.6860300087528,5.80060697008937,138.119295835495,1,1,5
caltech,767,0,EfficientBFS,density_gap,False,ub2,d,7.0,0.95,CalTechMaximization,351.66209690815094,6.0501380230038535,805.141241312027,11,1,5
caltech,767,0,EfficientBFS,density_gap,True,ub2,d,7.0,0.95,CalTechMaximization,351.66209690815094,6.0501380230038535,827.8450162410736,11,1,5
caltech,767,0,EfficientBFS,probing,False,ub2,d,7.0,0.95,CalTechMaximization,351.66209690815094,6.0501380230038535,1353.8077430725098,11,1,5
caltech,767,0,EfficientBFS,probing,True,ub2,d,7.0,0.95,CalTechMaximization,351.66209690815094,6.0501380230038535,437.5488073825836,3,1,5
caltech,767,0,EfficientBFS,traditional,False,ub2,d,7.0,0.95,CalTechMaximization,351.66209690815094,6.0501380230038535,710.8916835784912,11,1,5
caltech,767,0,EfficientBFS,traditional,True,ub2,d,7.0,0.95,CalTechMaximization,351.66209690815094,6.0501380230038535,780.7232644557953,11,1,5
caltech,767,0,EfficientBFS,volume_biased,False,ub2,d,7.0,0.95,CalTechMaximization,351.66209690815094,6.0501380230038535,1025.8493192195892,11,1,5
caltech,767,0,EfficientBFS,volume_biased,True,ub2,d,7.0,0.95,CalTechMaximization,351.66209690815094,6.0501380230038535,332.16060280799866,3,1,5
caltech,767,0,EfficientBFS,density_gap,False,ub2,d,8.0,0.95,CalTechMaximization,419.77594400428524,7.62639316652206,118.2539222240448,1,1,6
caltech,767,0,EfficientBFS,density_gap,True,ub2,d,8.0,0.95,CalTechMaximization,419.77594400428524,7.62639316652206,126.40336084365845,1,1,6
caltech,767,0,EfficientBFS,probing,False,ub2,d,8.0,0.95,CalTechMaximization,419.77594400428524,7.62639316652206,117.13592219352722,1,1,6
caltech,767,0,EfficientBFS,probing,True,ub2,d,8.0,0.95,CalTechMaximization,419.77594400428524,7.62639316652206,126.73192191123962,1,1,6
caltech,767,0,EfficientBFS,traditional,False,ub2,d,8.0,0.95,CalTechMaximization,419.77594400428524,7.62639316652206,114.99855637550354,1,1,6
caltech,767,0,EfficientBFS,traditional,True,ub2,d,8.0,0.95,CalTechMaximization,419.77594400428524,7.62639316652206,128.1057276725769,1,1,6
caltech,767,0,EfficientBFS,volume_biased,False,ub2,d,8.0,0.95,CalTechMaximization,419.77594400428524,7.62639316652206,118.02441883087158,1,1,6
caltech,767,0,EfficientBFS,volume_biased,True,ub2,d,8.0,0.95,CalTechMaximization,419.77594400428524,7.62639316652206,127.21475195884705,1,1,6
caltech,767,0,EfficientBFS,density_gap,False,ub2,d,9.0,0.95,CalTechMaximization,466.34941561494287,8.801822995766624,117.31179642677307,1,1,7
caltech,767,0,EfficientBFS,density_gap,True,ub2,d,9.0,0.95,CalTechMaximization,466.34941561494287,8.801822995766624,128.08078241348267,1,1,7
caltech,767,0,EfficientBFS,probing,False,ub2,d,9.0,0.95,CalTechMaximization,466.34941561494287,8.801822995766624,120.0805094242096,1,1,7
caltech,767,0,EfficientBFS,probing,True,ub2,d,9.0,0.95,CalTechMaximization,466.34941561494287,8.801822995766624,129.17300987243652,1,1,7
caltech,767,0,EfficientBFS,traditional,False,ub2,d,9.0,0.95,CalTechMaximization,466.34941561494287,8.801822995766624,117.72533893585205,1,1,7
caltech,767,0,EfficientBFS,traditional,True,ub2,d,9.0,0.95,CalTechMaximization,466.34941561494287,8.801822995766624,126.60795164108276,1,1,7
caltech,767,0,EfficientBFS,volume_biased,False,ub2,d,9.0,0.95,CalTechMaximization,466.34941561494287,8.801822995766624,118.1463234424591,1,1,7
caltech,767,0,EfficientBFS,volume_biased,True,ub2,d,9.0,0.95,CalTechMaximization,466.34941561494287,8.801822995766624,127.92055916786194,1,1,7
caltech,767,0,EfficientBFS,density_gap,False,ub2,d,10.0,0.95,CalTechMaximization,506.0819015571379,9.87015513041164,119.74267244338989,1,1,8
caltech,767,0,EfficientBFS,density_gap,True,ub2,d,10.0,0.95,CalTechMaximization,506.0819015571379,9.87015513041164,124.9818217754364,1,1,8
caltech,767,0,EfficientBFS,probing,False,ub2,d,10.0,0.95,CalTechMaximization,506.0819015571379,9.87015513041164,118.45782613754272,1,1,8
caltech,767,0,EfficientBFS,probing,True,ub2,d,10.0,0.95,CalTechMaximization,506.0819015571379,9.87015513041164,122.90538716316223,1,1,8
caltech,767,0,EfficientBFS,traditional,False,ub2,d,10.0,0.95,CalTechMaximization,506.0819015571379,9.87015513041164,119.11172270774841,1,1,8
caltech,767,0,EfficientBFS,traditional,True,ub2,d,10.0,0.95,CalTechMaximization,506.0819015571379,9.87015513041164,127.71125316619873,1,1,8
caltech,767,0,EfficientBFS,volume_biased,False,ub2,d,10.0,0.95,CalTechMaximization,506.0819015571379,9.87015513041164,117.05731105804443,1,1,8
caltech,767,0,EfficientBFS,volume_biased,True,ub2,d,10.0,0.95,CalTechMaximization,506.0819015571379,9.87015513041164,125.53505659103394,1,1,8
caltech,767,0,EfficientBFS,density_gap,False,ub2,d,11.0,0.95,CalTechMaximization,540.2370492404575,10.901918913780811,119.37639355659485,1,1,9
caltech,767,0,EfficientBFS,density_gap,True,ub2,d,11.0,0.95,CalTechMaximization,540.2370492404575,10.901918913780811,124.49677467346191,1,1,9
caltech,767,0,EfficientBFS,probing,False,ub2,d,11.0,0.95,CalTechMaximization,540.2370492404575,10.901918913780811,119.10256719589233,1,1,9
caltech,767,0,EfficientBFS,probing,True,ub2,d,11.0,0.95,CalTechMaximization,540.2370492404575,10.901918913780811,124.31565976142883,1,1,9
caltech,767,0,EfficientBFS,traditional,False,ub2,d,11.0,0.95,CalTechMaximization,540.2370492404575,10.901918913780811,119.33315062522888,1,1,9
caltech,767,0,EfficientBFS,traditional,True,ub2,d,11.0,0.95,CalTechMaximization,540.2370492404575,10.901918913780811,123.20585060119629,1,1,9
caltech,767,0,EfficientBFS,volume_biased,False,ub2,d,11.0,0.95,CalTechMaximization,540.2370492404575,10.901918913780811,124.20350694656372,1,1,9
caltech,767,0,EfficientBFS,volume_biased,True,ub2,d,11.0,0.95,CalTechMaximization,540.2370492404575,10.901918913780811,126.62187480926514,1,1,9
caltech,767,0,EfficientBFS,density_gap,False,ub2,d,12.0,0.95,CalTechMaximization,555.6315072250653,11.286781568092035,1363.7264561653137,19,1,9
caltech,767,0,EfficientBFS,density_gap,True,ub2,d,12.0,0.95,CalTechMaximization,555.6315072250653,11.286781568092035,1533.5152678489685,19,1,9
caltech,767,0,EfficientBFS,probing,False,ub2,d,12.0,0.95,CalTechMaximization,555.6315072250653,11.286781568092035,396.5822310447693,3,1,9
caltech,767,0,EfficientBFS,probing,True,ub2,d,12.0,0.95,CalTechMaximization,555.6315072250653,11.286781568092035,444.6207094192505,3,1,9
caltech,767,0,EfficientBFS,traditional,False,ub2,d,12.0,0.95,CalTechMaximization,555.6315072250653,11.286781568092035,1165.3381898403168,19,1,9
caltech,767,0,EfficientBFS,traditional,True,ub2,d,12.0,0.95,CalTechMaximization,555.6315072250653,11.286781568092035,1316.530949831009,19,1,9
caltech,767,0,EfficientBFS,volume_biased,False,ub2,d,12.0,0.95,CalTechMaximization,555.6315072250653,11.286781568092035,308.7739040851593,3,1,9
caltech,767,0,EfficientBFS,volume_biased,True,ub2,d,12.0,0.95,CalTechMaximization,555.6315072250653,11.286781568092035,361.2527050971985,3,1,9
caltech,767,0,EfficientBFS,density_gap,False,ub2,d,13.0,0.95,CalTechMaximization,602.1721671060465,12.662911520545455,127.20243167877197,1,1,10
caltech,767,0,EfficientBFS,density_gap,True,ub2,d,13.0,0.95,CalTechMaximization,602.1721671060465,12.662911520545455,128.530348777771,1,1,10
caltech,767,0,EfficientBFS,probing,False,ub2,d,13.0,0.95,CalTechMaximization,602.1721671060465,12.662911520545455,125.25483822822571,1,1,10
caltech,767,0,EfficientBFS,probing,True,ub2,d,13.0,0.95,CalTechMaximization,602.1721671060465,12.662911520545455,131.25867319107056,1,1,10
caltech,767,0,EfficientBFS,traditional,False,ub2,d,13.0,0.95,CalTechMaximization,602.1721671060465,12.662911520545455,123.95832777023315,1,1,10
caltech,767,0,EfficientBFS,traditional,True,ub2,d,13.0,0.95,CalTechMaximization,602.1721671060465,12.662911520545455,126.84677958488464,1,1,10
caltech,767,0,EfficientBFS,volume_biased,False,ub2,d,13.0,0.95,CalTechMaximization,602.1721671060465,12.662911520545455,125.02872705459595,1,1,10
caltech,767,0,EfficientBFS,volume_biased,True,ub2,d,13.0,0.95,CalTechMaximization,602.1721671060465,12.662911520545455,127.74360251426697,1,1,10
caltech,767,0,EfficientBFS,density_gap,False,ub2,d,14.0,0.95,CalTechMaximization,636.0792034147455,13.694675303914627,125.35767817497253,1,1,11
caltech,767,0,EfficientBFS,density_gap,True,ub2,d,14.0,0.95,CalTechMaximization,636.0792034147455,13.694675303914627,128.40396094322205,1,1,11
caltech,767,0,EfficientBFS,probing,False,ub2,d,14.0,0.95,CalTechMaximization,636.0792034147455,13.694675303914627,126.04060077667236,1,1,11
caltech,767,0,EfficientBFS,probing,True,ub2,d,14.0,0.95,CalTechMaximization,636.0792034147455,13.694675303914627,134.74614834785461,1,1,11
caltech,767,0,EfficientBFS,traditional,False,ub2,d,14.0,0.95,CalTechMaximization,636.0792034147455,13.694675303914627,125.59849715232849,1,1,11
caltech,767,0,EfficientBFS,traditional,True,ub2,d,14.0,0.95,CalTechMaximization,636.0792034147455,13.694675303914627,131.4739053249359,1,1,11
caltech,767,0,EfficientBFS,volume_biased,False,ub2,d,14.0,0.95,CalTechMaximization,636.0792034147455,13.694675303914627,124.70775651931763,1,1,11
caltech,767,0,EfficientBFS,volume_biased,True,ub2,d,14.0,0.95,CalTechMaximization,636.0792034147455,13.694675303914627,130.43829584121704,1,1,11
caltech,767,0,EfficientBFS,density_gap,False,ub2,d,15.0,0.95,CalTechMaximization,663.9447688380989,14.873820586076443,129.50009489059448,1,1,12
caltech,767,0,EfficientBFS,density_gap,True,ub2,d,15.0,0.95,CalTechMaximization,663.9447688380989,14.873820586076443,134.2006058692932,1,1,12
caltech,767,0,EfficientBFS,probing,False,ub2,d,15.0,0.95,CalTechMaximization,663.9447688380989,14.873820586076443,127.06102585792542,1,1,12
caltech,767,0,EfficientBFS,probing,True,ub2,d,15.0,0.95,CalTechMaximization,663.9447688380989,14.873820586076443,131.3193073272705,1,1,12
caltech,767,0,EfficientBFS,traditional,False,ub2,d,15.0,0.95,CalTechMaximization,663.9447688380989,14.873820586076443,129.36237931251526,1,1,12
caltech,767,0,EfficientBFS,traditional,True,ub2,d,15.0,0.95,CalTechMaximization,663.9447688380989,14.873820586076443,131.77809476852417,1,1,12
caltech,767,0,EfficientBFS,volume_biased,False,ub2,d,15.0,0.95,CalTechMaximization,663.9447688380989,14.873820586076443,126.91505193710327,1,1,12
caltech,767,0,EfficientBFS,volume_biased,True,ub2,d,15.0,0.95,CalTechMaximization,663.9447688380989,14.873820586076443,131.56420230865479,1,1,12
caltech,767,0,EfficientBFS,density_gap,False,ub2,d,16.0,0.95,CalTechMaximization,697.0103454325564,15.614009135891687,129.62952089309692,1,1,12
caltech,767,0,EfficientBFS,density_gap,True,ub2,d,16.0,0.95,CalTechMaximization,697.0103454325564,15.614009135891687,134.18327832221985,1,1,12
caltech,767,0,EfficientBFS,probing,False,ub2,d,16.0,0.95,CalTechMaximization,697.0103454325564,15.614009135891687,129.95105266571045,1,1,12
caltech,767,0,EfficientBFS,probing,True,ub2,d,16.0,0.95,CalTechMaximization,697.0103454325564,15.614009135891687,133.51011848449707,1,1,12
caltech,767,0,EfficientBFS,traditional,False,ub2,d,16.0,0.95,CalTechMaximization,697.0103454325564,15.614009135891687,127.52823972702026,1,1,12
caltech,767,0,EfficientBFS,traditional,True,ub2,d,16.0,0.95,CalTechMaximization,697.0103454325564,15.614009135891687,133.1066575050354,1,1,12
caltech,767,0,EfficientBFS,volume_biased,False,ub2,d,16.0,0.95,CalTechMaximization,697.0103454325564,15.614009135891687,129.0430769920349,1,1,12
caltech,767,0,EfficientBFS,volume_biased,True,ub2,d,16.0,0.95,CalTechMaximization,697.0103454325564,15.614009135891687,130.34538221359253,1,1,12
caltech,767,0,EfficientBFS,density_gap,False,ub2,d,17.0,0.95,CalTechMaximization,733.4348816126892,16.989486814418875,134.10074305534363,1,1,13
caltech,767,0,EfficientBFS,density_gap,True,ub2,d,17.0,0.95,CalTechMaximization,733.4348816126892,16.989486814418875,136.50448894500732,1,1,13
caltech,767,0,EfficientBFS,probing,False,ub2,d,17.0,0.95,CalTechMaximization,733.4348816126892,16.989486814418875,129.59726929664612,1,1,13
caltech,767,0,EfficientBFS,probing,True,ub2,d,17.0,0.95,CalTechMaximization,733.4348816126892,16.989486814418875,135.69459462165833,1,1,13
caltech,767,0,EfficientBFS,traditional,False,ub2,d,17.0,0.95,CalTechMaximization,733.4348816126892,16.989486814418875,130.8456892967224,1,1,13
caltech,767,0,EfficientBFS,traditional,True,ub2,d,17.0,0.95,CalTechMaximization,733.4348816126892,16.989486814418875,137.4729323387146,1,1,13
caltech,767,0,EfficientBFS,volume_biased,False,ub2,d,17.0,0.95,CalTechMaximization,733.4348816126892,16.989486814418875,132.63679337501526,1,1,13
caltech,767,0,EfficientBFS,volume_biased,True,ub2,d,17.0,0.95,CalTechMaximization,733.4348816126892,16.989486814418875,135.56885242462158,1,1,13
caltech,767,0,EfficientBFS,density_gap,False,ub2,d,18.0,0.95,CalTechMaximization,761.7155303743885,17.855151137101963,134.3623080253601,1,1,13
caltech,767,0,EfficientBFS,density_gap,True,ub2,d,18.0,0.95,CalTechMaximization,761.7155303743885,17.855151137101963,138.28043818473816,1,1,13
caltech,767,0,EfficientBFS,probing,False,ub2,d,18.0,0.95,CalTechMaximization,761.7155303743885,17.855151137101963,138.17389225959778,1,1,13
caltech,767,0,EfficientBFS,probing,True,ub2,d,18.0,0.95,CalTechMaximization,761.7155303743885,17.855151137101963,136.49999713897705,1,1,13
caltech,767,0,EfficientBFS,traditional,False,ub2,d,18.0,0.95,CalTechMaximization,761.7155303743885,17.855151137101963,132.32609868049622,1,1,13
caltech,767,0,EfficientBFS,traditional,True,ub2,d,18.0,0.95,CalTechMaximization,761.7155303743885,17.855151137101963,138.47291946411133,1,1,13
caltech,767,0,EfficientBFS,volume_biased,False,ub2,d,18.0,0.95,CalTechMaximization,761.7155303743885,17.855151137101963,134.78145170211792,1,1,13
caltech,767,0,EfficientBFS,volume_biased,True,ub2,d,18.0,0.95,CalTechMaximization,761.7155303743885,17.855151137101963,139.6715350151062,1,1,13
caltech,767,0,EfficientBFS,density_gap,False,ub2,d,19.0,0.95,CalTechMaximization,776.5989502239374,18.247464129982077,2036.9552590847015,27,1,13
caltech,767,0,EfficientBFS,density_gap,True,ub2,d,19.0,0.95,CalTechMaximization,776.5989502239374,18.247464129982077,2257.3194415569305,26,1,13
caltech,767,0,EfficientBFS,probing,False,ub2,d,19.0,0.95,CalTechMaximization,776.5989502239374,18.247464129982077,421.8476700782776,3,1,13
caltech,767,0,EfficientBFS,probing,True,ub2,d,19.0,0.95,CalTechMaximization,776.5989502239374,18.247464129982077,499.58266282081604,3,1,13
caltech,767,0,EfficientBFS,traditional,False,ub2,d,19.0,0.95,CalTechMaximization,776.5989502239374,18.247464129982077,1711.573478937149,27,1,13
caltech,767,0,EfficientBFS,traditional,True,ub2,d,19.0,0.95,CalTechMaximization,776.5989502239374,18.247464129982077,1964.865714788437,26,1,13
caltech,767,0,EfficientBFS,volume_biased,False,ub2,d,19.0,0.95,CalTechMaximization,776.5989502239374,18.247464129982077,339.04288959503174,3,1,13
caltech,767,0,EfficientBFS,volume_biased,True,ub2,d,19.0,0.95,CalTechMaximization,776.5989502239374,18.247464129982077,405.8881616592407,3,1,13
caltech,767,0,EfficientBFS,density_gap,False,ub2,d,20.0,0.95,CalTechMaximization,816.4992535857708,19.76173936301302,2174.5939309597015,29,1,14
caltech,767,0,EfficientBFS,density_gap,True,ub2,d,20.0,0.95,CalTechMaximization,816.4992535857708,19.76173936301302,2509.8088414669037,28,1,14
caltech,767,0,EfficientBFS,probing,False,ub2,d,20.0,0.95,CalTechMaximization,816.4992535857708,19.76173936301302,422.5205659866333,3,1,14
caltech,767,0,EfficientBFS,probing,True,ub2,d,20.0,0.95,CalTechMaximization,816.4992535857708,19.76173936301302,488.2775332927704,3,1,14
caltech,767,0,EfficientBFS,traditional,False,ub2,d,20.0,0.95,CalTechMaximization,816.4992535857708,19.76173936301302,1835.7112863063812,29,1,14
caltech,767,0,EfficientBFS,traditional,True,ub2,d,20.0,0.95,CalTechMaximization,816.4992535857708,19.76173936301302,2210.0969908237457,28,1,14
caltech,767,0,EfficientBFS,volume_biased,False,ub2,d,20.0,0.95,CalTechMaximization,816.4992535857708,19.76173936301302,340.7707004547119,3,1,14
caltech,767,0,EfficientBFS,volume_biased,True,ub2,d,20.0,0.95,CalTechMaximization,816.4992535857708,19.76173936301302,403.4181900024414,3,1,14
caltech,767,0,EfficientBFS,density_gap,False,ub2,d,21.0,0.95,CalTechMaximization,855.279061811557,20.91580089303026,2076.19992685318,27,1,14
caltech,767,0,EfficientBFS,density_gap,True,ub2,d,21.0,0.95,CalTechMaximization,855.279061811557,20.91580089303026,2303.5362179279327,27,1,14
caltech,767,0,EfficientBFS,probing,False,ub2,d,21.0,0.95,CalTechMaximization,855.279061811557,20.91580089303026,434.38361620903015,3,1,14
caltech,767,0,EfficientBFS,probing,True,ub2,d,21.0,0.95,CalTechMaximization,855.279061811557,20.91580089303026,475.3570499420166,3,1,14
caltech,767,0,EfficientBFS,traditional,False,ub2,d,21.0,0.95,CalTechMaximization,855.279061811557,20.91580089303026,1712.7420725822449,27,1,14
caltech,767,0,EfficientBFS,traditional,True,ub2,d,21.0,0.95,CalTechMaximization,855.279061811557,20.91580089303026,1955.2735195159912,27,1,14
caltech,767,0,EfficientBFS,volume_biased,False,ub2,d,21.0,0.95,CalTechMaximization,855.279061811557,20.91580089303026,347.6680119037628,3,1,14
caltech,767,0,EfficientBFS,volume_biased,True,ub2,d,21.0,0.95,CalTechMaximization,855.279061811557,20.91580089303026,384.30183506011963,3,1,14
caltech,767,0,EfficientBFS,density_gap,False,ub2,d,22.0,0.95,CalTechMaximization,872.9892529412713,21.948916151089243,2333.844560146332,30,1,15
caltech,767,0,EfficientBFS,density_gap,True,ub2,d,22.0,0.95,CalTechMaximization,872.9892529412713,21.948916151089243,2752.29442858696,30,1,15
caltech,767,0,EfficientBFS,probing,False,ub2,d,22.0,0.95,CalTechMaximization,872.9892529412713,21.948916151089243,441.1876378059387,3,1,15
caltech,767,0,EfficientBFS,probing,True,ub2,d,22.0,0.95,CalTechMaximization,872.9892529412713,21.948916151089243,481.3232696056366,3,1,15
caltech,767,0,EfficientBFS,traditional,False,ub2,d,22.0,0.95,CalTechMaximization,872.9892529412713,21.948916151089243,2011.262262582779,30,1,15
caltech,767,0,EfficientBFS,traditional,True,ub2,d,22.0,0.95,CalTechMaximization,872.9892529412713,21.948916151089243,2429.346851348877,30,1,15
caltech,767,0,EfficientBFS,volume_biased,False,ub2,d,22.0,0.95,CalTechMaximization,872.9892529412713,21.948916151089243,355.65355014801025,3,1,15
caltech,767,0,EfficientBFS,volume_biased,True,ub2,d,22.0,0.95,CalTechMaximization,872.9892529412713,21.948916151089243,394.8451449871063,3,1,15
caltech,767,0,EfficientBFS,density_gap,False,ub2,d,23.0,0.95,CalTechMaximization,907.9276602489413,22.771264746511722,2395.7293503284454,31,1,15
caltech,767,0,EfficientBFS,density_gap,True,ub2,d,23.0,0.95,CalTechMaximization,907.9276602489413,22.771264746511722,2734.6471304893494,31,1,15
caltech,767,0,EfficientBFS,probing,False,ub2,d,23.0,0.95,CalTechMaximization,907.9276602489413,22.771264746511722,441.19824743270874,3,1,15
caltech,767,0,EfficientBFS,probing,True,ub2,d,23.0,0.95,CalTechMaximization,907.9276602489413,22.771264746511722,496.48150992393494,3,1,15
caltech,767,0,EfficientBFS,traditional,False,ub2,d,23.0,0.95,CalTechMaximization,907.9276602489413,22.771264746511722,2009.4246289730072,31,1,15
caltech,767,0,EfficientBFS,traditional,True,ub2,d,23.0,0.95,CalTechMaximization,907.9276602489413,22.771264746511722,2348.454683303833,31,1,15
caltech,767,0,EfficientBFS,volume_biased,False,ub2,d,23.0,0.95,CalTechMaximization,907.9276602489413,22.771264746511722,358.3055603504181,3,1,15
caltech,767,0,EfficientBFS,volume_biased,True,ub2,d,23.0,0.95,CalTechMaximization,907.9276602489413,22.771264746511722,408.7223448753357,3,1,15
caltech,767,0,EfficientBFS,density_gap,False,ub2,d,24.0,0.95,CalTechMaximization,934.1126603124911,23.950410028673534,2688.2968697547913,33,1,16
caltech,767,0,EfficientBFS,density_gap,True,ub2,d,24.0,0.95,CalTechMaximization,934.1126603124911,23.950410028673534,2959.3195400238037,33,1,16
caltech,767,0,EfficientBFS,probing,False,ub2,d,24.0,0.95,CalTechMaximization,934.1126603124911,23.950410028673534,450.3220326900482,3,1,16
caltech,767,0,EfficientBFS,probing,True,ub2,d,24.0,0.95,CalTechMaximization,934.1126603124911,23.950410028673534,494.44115924835205,3,1,16
caltech,767,0,EfficientBFS,traditional,False,ub2,d,24.0,0.95,CalTechMaximization,934.1126603124911,23.950410028673534,2145.4321677684784,33,1,16
caltech,767,0,EfficientBFS,traditional,True,ub2,d,24.0,0.95,CalTechMaximization,934.1126603124911,23.950410028673534,2570.742782831192,33,1,16
caltech,767,0,EfficientBFS,volume_biased,False,ub2,d,24.0,0.95,CalTechMaximization,934.1126603124911,23.950410028673534,367.67071413993835,3,1,16
caltech,767,0,EfficientBFS,volume_biased,True,ub2,d,24.0,0.95,CalTechMaximization,934.1126603124911,23.950410028673534,411.8007357120514,3,1,16
caltech,767,0,EfficientBFS,density_gap,False,ub2,d,25.0,0.95,CalTechMaximization,947.0409730076094,24.285539979542666,2587.6359300613403,32,1,16
caltech,767,0,EfficientBFS,density_gap,True,ub2,d,25.0,0.95,CalTechMaximization,947.0409730076094,24.285539979542666,3075.426759004593,32,1,16
caltech,767,0,EfficientBFS,probing,False,ub2,d,25.0,0.95,CalTechMaximization,947.0409730076094,24.285539979542666,760.9741094112396,5,1,16
caltech,767,0,EfficientBFS,probing,True,ub2,d,25.0,0.95,CalTechMaximization,947.0409730076094,24.285539979542666,554.8647089004517,3,1,16
caltech,767,0,EfficientBFS,traditional,False,ub2,d,25.0,0.95,CalTechMaximization,947.0409730076094,24.285539979542666,2170.250813484192,32,1,16
caltech,767,0,EfficientBFS,traditional,True,ub2,d,25.0,0.95,CalTechMaximization,947.0409730076094,24.285539979542666,2707.218747138977,32,1,16
caltech,767,0,EfficientBFS,volume_biased,False,ub2,d,25.0,0.95,CalTechMaximization,947.0409730076094,24.285539979542666,585.5861401557922,5,1,16
caltech,767,0,EfficientBFS,volume_biased,True,ub2,d,25.0,0.95,CalTechMaximization,947.0409730076094,24.285539979542666,471.49422216415405,3,1,16
caltech,767,0,EfficientBFS,density_gap,False,ub2,d,26.0,0.95,CalTechMaximization,971.2615718192825,25.012406747721993,2603.2298078536987,32,1,16
caltech,767,0,EfficientBFS,density_gap,True,ub2,d,26.0,0.95,CalTechMaximization,971.2615718192825,25.012406747721993,3117.0994465351105,32,1,16
caltech,767,0,EfficientBFS,probing,False,ub2,d,26.0,0.95,CalTechMaximization,971.2615718192825,25.012406747721993,792.3266897201538,5,1,16
caltech,767,0,EfficientBFS,probing,True,ub2,d,26.0,0.95,CalTechMaximization,971.2615718192825,25.012406747721993,568.0963084697723,3,1,16
caltech,767,0,EfficientBFS,traditional,False,ub2,d,26.0,0.95,CalTechMaximization,971.2615718192825,25.012406747721993,2178.264561891556,32,1,16
caltech,767,0,EfficientBFS,traditional,True,ub2,d,26.0,0.95,CalTechMaximization,971.2615718192825,25.012406747721993,2703.7987008094788,32,1,16
caltech,767,0,EfficientBFS,volume_biased,False,ub2,d,26.0,0.95,CalTechMaximization,971.2615718192825,25.012406747721993,606.5477395057678,5,1,16
caltech,767,0,EfficientBFS,volume_biased,True,ub2,d,26.0,0.95,CalTechMaximization,971.2615718192825,25.012406747721993,481.6509461402893,3,1,16
caltech,767,0,EfficientBFS,density_gap,False,ub2,d,27.0,0.95,CalTechMaximization,1010.1256800947259,26.526681980752944,2796.929925441742,34,1,17
caltech,767,0,EfficientBFS,density_gap,True,ub2,d,27.0,0.95,CalTechMaximization,1010.1256800947259,26.526681980752944,3359.3913366794586,34,1,17
caltech,767,0,EfficientBFS,probing,False,ub2,d,27.0,0.95,CalTechMaximization,1010.1256800947259,26.526681980752944,473.88969445228577,3,1,17
caltech,767,0,EfficientBFS,probing,True,ub2,d,27.0,0.95,CalTechMaximization,1010.1256800947259,26.526681980752944,533.9076895713806,3,1,17
caltech,767,0,EfficientBFS,traditional,False,ub2,d,27.0,0.95,CalTechMaximization,1010.1256800947259,26.526681980752944,2373.6394834518433,34,1,17
caltech,767,0,EfficientBFS,traditional,True,ub2,d,27.0,0.95,CalTechMaximization,1010.1256800947259,26.526681980752944,2898.528260707855,34,1,17
caltech,767,0,EfficientBFS,volume_biased,False,ub2,d,27.0,0.95,CalTechMaximization,1010.1256800947259,26.526681980752944,386.50198578834534,3,1,17
caltech,767,0,EfficientBFS,volume_biased,True,ub2,d,27.0,0.95,CalTechMaximization,1010.1256800947259,26.526681980752944,456.78049778938293,3,1,17
caltech,767,0,EfficientBFS,density_gap,False,ub2,d,28.0,0.95,CalTechMaximization,1044.1750474078303,27.660726735572847,2821.5491349697113,35,1,17
caltech,767,0,EfficientBFS,density_gap,True,ub2,d,28.0,0.95,CalTechMaximization,1044.1750474078303,27.660726735572847,3504.244651079178,34,1,17
caltech,767,0,EfficientBFS,probing,False,ub2,d,28.0,0.95,CalTechMaximization,1044.1750474078303,27.660726735572847,489.7081952095032,3,1,17
caltech,767,0,EfficientBFS,probing,True,ub2,d,28.0,0.95,CalTechMaximization,1044.1750474078303,27.660726735572847,547.2728757858276,3,1,17
caltech,767,0,EfficientBFS,traditional,False,ub2,d,28.0,0.95,CalTechMaximization,1044.1750474078303,27.660726735572847,2384.7685227394104,35,1,17
caltech,767,0,EfficientBFS,traditional,True,ub2,d,28.0,0.95,CalTechMaximization,1044.1750474078303,27.660726735572847,3052.8896510601044,34,1,17
caltech,767,0,EfficientBFS,volume_biased,False,ub2,d,28.0,0.95,CalTechMaximization,1044.1750474078303,27.660726735572847,395.14671444892883,3,1,17
caltech,767,0,EfficientBFS,volume_biased,True,ub2,d,28.0,0.95,CalTechMaximization,1044.1750474078303,27.660726735572847,460.95739817619324,3,1,17
caltech,767,0,EfficientBFS,density_gap,False,ub2,d,29.0,0.95,CalTechMaximization,1075.1852102523417,28.98278437349924,2782.600374698639,33,1,18
caltech,767,0,EfficientBFS,density_gap,True,ub2,d,29.0,0.95,CalTechMaximization,1075.1852102523417,28.98278437349924,3170.2506289482117,33,1,18
caltech,767,0,EfficientBFS,probing,False,ub2,d,29.0,0.95,CalTechMaximization,1075.1852102523417,28.98278437349924,479.6213548183441,3,1,18
caltech,767,0,EfficientBFS,probing,True,ub2,d,29.0,0.95,CalTechMaximization,1075.1852102523417,28.98278437349924,546.433655500412,3,1,18
caltech,767,0,EfficientBFS,traditional,False,ub2,d,29.0,0.95,CalTechMaximization,1075.1852102523417,28.98278437349924,2273.5807662010193,33,1,18
caltech,767,0,EfficientBFS,traditional,True,ub2,d,29.0,0.95,CalTechMaximization,1075.1852102523417,28.98278437349924,2644.6331820487976,33,1,18
caltech,767,0,EfficientBFS,volume_biased,False,ub2,d,29.0,0.95,CalTechMaximization,1075.1852102523417,28.98278437349924,404.0671401023865,3,1,18
caltech,767,0,EfficientBFS,volume_biased,True,ub2,d,29.0,0.95,CalTechMaximization,1075.1852102523417,28.98278437349924,455.4580855369568,3,1,18
caltech,767,0,EfficientBFS,density_gap,False,ub2,d,30.0,0.95,CalTechMaximization,1101.6216611399072,29.905527435192806,2813.9536442756653,33,1,18
caltech,767,0,EfficientBFS,density_gap,True,ub2,d,30.0,0.95,CalTechMaximization,1101.6216611399072,29.905527435192806,3301.884782075882,33,1,18
caltech,767,0,EfficientBFS,probing,False,ub2,d,30.0,0.95,CalTechMaximization,1101.6216611399072,29.905527435192806,603.319117307663,3,1,18
caltech,767,0,EfficientBFS,probing,True,ub2,d,30.0,0.95,CalTechMaximization,1101.6216611399072,29.905527435192806,554.312215089798,3,1,18
caltech,767,0,EfficientBFS,traditional,False,ub2,d,30.0,0.95,CalTechMaximization,1101.6216611399072,29.905527435192806,2303.9568037986755,33,1,18
caltech,767,0,EfficientBFS,traditional,True,ub2,d,30.0,0.95,CalTechMaximization,1101.6216611399072,29.905527435192806,2768.363550424576,33,1,18
caltech,767,0,EfficientBFS,volume_biased,False,ub2,d,30.0,0.95,CalTechMaximization,1101.6216611399072,29.905527435192806,435.6848478317261,3,1,18
caltech,767,0,EfficientBFS,volume_biased,True,ub2,d,30.0,0.95,CalTechMaximization,1101.6216611399072,29.905527435192806,474.3796308040619,3,1,18
facebook,1000,0,EfficientBFS,density_gap,False,ub2,d,6.0,0.95,FacebookGraphCoverage,307.0,5.999296292853672,0.2719998359680176,1,1,4
facebook,1000,0,EfficientBFS,density_gap,True,ub2,d,6.0,0.95,FacebookGraphCoverage,307.0,5.999296292853672,0.26399922370910645,1,1,4
facebook,1000,0,EfficientBFS,probing,False,ub2,d,6.0,0.95,FacebookGraphCoverage,307.0,5.999296292853672,0.26600003242492676,1,1,4
facebook,1000,0,EfficientBFS,probing,True,ub2,d,6.0,0.95,FacebookGraphCoverage,307.0,5.999296292853672,0.30899786949157715,1,1,4
facebook,1000,0,EfficientBFS,traditional,False,ub2,d,6.0,0.95,FacebookGraphCoverage,307.0,5.999296292853672,0.31200718879699707,1,1,4
facebook,1000,0,EfficientBFS,traditional,True,ub2,d,6.0,0.95,FacebookGraphCoverage,307.0,5.999296292853672,0.24699878692626953,1,1,4
facebook,1000,0,EfficientBFS,volume_biased,False,ub2,d,6.0,0.95,FacebookGraphCoverage,307.0,5.999296292853672,0.30601072311401367,1,1,4
facebook,1000,0,EfficientBFS,volume_biased,True,ub2,d,6.0,0.95,FacebookGraphCoverage,307.0,5.999296292853672,0.24999666213989258,1,1,4
facebook,1000,0,EfficientBFS,density_gap,False,ub2,d,7.0,0.95,FacebookGraphCoverage,335.0,6.039049562720425,0.39900732040405273,1,1,4
facebook,1000,0,EfficientBFS,density_gap,True,ub2,d,7.0,0.95,FacebookGraphCoverage,335.0,6.039049562720425,0.42767930030822754,1,1,4
facebook,1000,0,EfficientBFS,probing,False,ub2,d,7.0,0.95,FacebookGraphCoverage,335.0,6.039049562720425,0.42501139640808105,1,1,4
facebook,1000,0,EfficientBFS,probing,True,ub2,d,7.0,0.95,FacebookGraphCoverage,335.0,6.039049562720425,0.4098963737487793,1,1,4
facebook,1000,0,EfficientBFS,traditional,False,ub2,d,7.0,0.95,FacebookGraphCoverage,335.0,6.039049562720425,0.3710048198699951,1,1,4
facebook,1000,0,EfficientBFS,traditional,True,ub2,d,7.0,0.95,FacebookGraphCoverage,335.0,6.039049562720425,0.3880026340484619,1,1,4
facebook,1000,0,EfficientBFS,volume_biased,False,ub2,d,7.0,0.95,FacebookGraphCoverage,335.0,6.039049562720425,0.3926088809967041,1,1,4
facebook,1000,0,EfficientBFS,volume_biased,True,ub2,d,7.0,0.95,FacebookGraphCoverage,335.0,6.039049562720425,0.40799450874328613,1,1,4
facebook,1000,0,EfficientBFS,density_gap,False,ub2,d,8.0,0.95,FacebookGraphCoverage,366.0,7.316542747250367,0.5740089416503906,1,1,5
facebook,1000,0,EfficientBFS,density_gap,True,ub2,d,8.0,0.95,FacebookGraphCoverage,366.0,7.316542747250367,0.5780014991760254,1,1,5
facebook,1000,0,EfficientBFS,probing,False,ub2,d,8.0,0.95,FacebookGraphCoverage,366.0,7.316542747250367,0.5470137596130371,1,1,5
facebook,1000,0,EfficientBFS,probing,True,ub2,d,8.0,0.95,FacebookGraphCoverage,366.0,7.316542747250367,0.558997631072998,1,1,5
facebook,1000,0,EfficientBFS,traditional,False,ub2,d,8.0,0.95,FacebookGraphCoverage,366.0,7.316542747250367,0.5966165065765381,1,1,5
facebook,1000,0,EfficientBFS,traditional,True,ub2,d,8.0,0.95,FacebookGraphCoverage,366.0,7.316542747250367,0.6430015563964844,1,1,5
facebook,1000,0,EfficientBFS,volume_biased,False,ub2,d,8.0,0.95,FacebookGraphCoverage,366.0,7.316542747250367,0.6160163879394531,1,1,5
facebook,1000,0,EfficientBFS,volume_biased,True,ub2,d,8.0,0.95,FacebookGraphCoverage,366.0,7.316542747250367,0.5470023155212402,1,1,5
facebook,1000,0,EfficientBFS,density_gap,False,ub2,d,9.0,0.95,FacebookGraphCoverage,390.0,8.345062977913397,0.8910162448883057,1,1,6
facebook,1000,0,EfficientBFS,density_gap,True,ub2,d,9.0,0.95,FacebookGraphCoverage,390.0,8.345062977913397,0.8276517391204834,1,1,6
facebook,1000,0,EfficientBFS,probing,False,ub2,d,9.0,0.95,FacebookGraphCoverage,390.0,8.345062977913397,0.860023021697998,1,1,6
facebook,1000,0,EfficientBFS,probing,True,ub2,d,9.0,0.95,FacebookGraphCoverage,390.0,8.345062977913397,0.7829992771148682,1,1,6
facebook,1000,0,EfficientBFS,traditional,False,ub2,d,9.0,0.95,FacebookGraphCoverage,390.0,8.345062977913397,0.8836097717285156,1,1,6
facebook,1000,0,EfficientBFS,traditional,True,ub2,d,9.0,0.95,FacebookGraphCoverage,390.0,8.345062977913397,0.734999418258667,1,1,6
facebook,1000,0,EfficientBFS,volume_biased,False,ub2,d,9.0,0.95,FacebookGraphCoverage,390.0,8.345062977913397,0.7130172252655029,1,1,6
facebook,1000,0,EfficientBFS,volume_biased,True,ub2,d,9.0,0.95,FacebookGraphCoverage,390.0,8.345062977913397,0.7690060138702393,1,1,6
facebook,1000,0,EfficientBFS,density_gap,False,ub2,d,10.0,0.95,FacebookGraphCoverage,411.0,9.469966252407136,0.9116983413696289,1,1,7
facebook,1000,0,EfficientBFS,density_gap,True,ub2,d,10.0,0.95,FacebookGraphCoverage,411.0,9.469966252407136,0.9229998588562012,1,1,7
facebook,1000,0,EfficientBFS,probing,False,ub2,d,10.0,0.95,FacebookGraphCoverage,411.0,9.469966252407136,0.8200178146362305,1,1,7
facebook,1000,0,EfficientBFS,probing,True,ub2,d,10.0,0.95,FacebookGraphCoverage,411.0,9.469966252407136,0.780003547668457,1,1,7
facebook,1000,0,EfficientBFS,traditional,False,ub2,d,10.0,0.95,FacebookGraphCoverage,411.0,9.469966252407136,0.8725845813751221,1,1,7
facebook,1000,0,EfficientBFS,traditional,True,ub2,d,10.0,0.95,FacebookGraphCoverage,411.0,9.469966252407136,0.8801419734954834,1,1,7
facebook,1000,0,EfficientBFS,volume_biased,False,ub2,d,10.0,0.95,FacebookGraphCoverage,411.0,9.469966252407136,0.8296587467193604,1,1,7
facebook,1000,0,EfficientBFS,volume_biased,True,ub2,d,10.0,0.95,FacebookGraphCoverage,411.0,9.469966252407136,0.8476245403289795,1,1,7
facebook,1000,0,EfficientBFS,density_gap,False,ub2,d,11.0,0.95,FacebookGraphCoverage,429.0,10.57309232610993,1.3566279411315918,1,1,8
facebook,1000,0,EfficientBFS,density_gap,True,ub2,d,11.0,0.95,FacebookGraphCoverage,429.0,10.57309232610993,1.3956215381622314,1,1,8
facebook,1000,0,EfficientBFS,probing,False,ub2,d,11.0,0.95,FacebookGraphCoverage,429.0,10.57309232610993,1.4358711242675781,1,1,8
facebook,1000,0,EfficientBFS,probing,True,ub2,d,11.0,0.95,FacebookGraphCoverage,429.0,10.57309232610993,1.3050024509429932,1,1,8
facebook,1000,0,EfficientBFS,traditional,False,ub2,d,11.0,0.95,FacebookGraphCoverage,429.0,10.57309232610993,1.2510268688201904,1,1,8
facebook,1000,0,EfficientBFS,traditional,True,ub2,d,11.0,0.95,FacebookGraphCoverage,429.0,10.57309232610993,1.3980014324188232,1,1,8
facebook,1000,0,EfficientBFS,volume_biased,False,ub2,d,11.0,0.95,FacebookGraphCoverage,429.0,10.57309232610993,1.2913262844085693,1,1,8
facebook,1000,0,EfficientBFS,volume_biased,True,ub2,d,11.0,0.95,FacebookGraphCoverage,429.0,10.57309232610993,1.3670051097869873,1,1,8
facebook,1000,0,EfficientBFS,density_gap,False,ub2,d,12.0,0.95,FacebookGraphCoverage,441.0,11.596802599317733,1.6636402606964111,1,1,9
facebook,1000,0,EfficientBFS,density_gap,True,ub2,d,12.0,0.95,FacebookGraphCoverage,441.0,11.596802599317733,1.6110053062438965,1,1,9
facebook,1000,0,EfficientBFS,probing,False,ub2,d,12.0,0.95,FacebookGraphCoverage,441.0,11.596802599317733,1.5653915405273438,1,1,9
facebook,1000,0,EfficientBFS,probing,True,ub2,d,12.0,0.95,FacebookGraphCoverage,441.0,11.596802599317733,1.6418633460998535,1,1,9
facebook,1000,0,EfficientBFS,traditional,False,ub2,d,12.0,0.95,FacebookGraphCoverage,441.0,11.596802599317733,1.739044427871704,1,1,9
facebook,1000,0,EfficientBFS,traditional,True,ub2,d,12.0,0.95,FacebookGraphCoverage,441.0,11.596802599317733,1.6982653141021729,1,1,9
facebook,1000,0,EfficientBFS,volume_biased,False,ub2,d,12.0,0.95,FacebookGraphCoverage,441.0,11.596802599317733,1.5400371551513672,1,1,9
facebook,1000,0,EfficientBFS,volume_biased,True,ub2,d,12.0,0.95,FacebookGraphCoverage,441.0,11.596802599317733,1.6449992656707764,1,1,9
facebook,1000,0,EfficientBFS,density_gap,False,ub2,d,13.0,0.95,FacebookGraphCoverage,448.0,12.12286943466912,43.512646198272705,16,1,9
facebook,1000,0,EfficientBFS,density_gap,True,ub2,d,13.0,0.95,FacebookGraphCoverage,448.0,12.12286943466912,21.80351686477661,8,1,9
facebook,1000,0,EfficientBFS,probing,False,ub2,d,13.0,0.95,FacebookGraphCoverage,448.0,12.12286943466912,24.62360119819641,7,1,9
facebook,1000,0,EfficientBFS,probing,True,ub2,d,13.0,0.95,FacebookGraphCoverage,448.0,12.12286943466912,8.682880163192749,2,1,9
facebook,1000,0,EfficientBFS,traditional,False,ub2,d,13.0,0.95,FacebookGraphCoverage,448.0,12.12286943466912,35.620529890060425,16,1,9
facebook,1000,0,EfficientBFS,traditional,True,ub2,d,13.0,0.95,FacebookGraphCoverage,448.0,12.12286943466912,19.65745496749878,8,1,9
facebook,1000,0,EfficientBFS,volume_biased,False,ub2,d,13.0,0.95,FacebookGraphCoverage,448.0,12.12286943466912,14.469900369644165,5,1,9
facebook,1000,0,EfficientBFS,volume_biased,True,ub2,d,13.0,0.95,FacebookGraphCoverage,448.0,12.12286943466912,8.984721899032593,2,1,9
facebook,1000,0,EfficientBFS,density_gap,False,ub2,d,14.0,0.95,FacebookGraphCoverage,462.0,13.351527620372957,42.29007411003113,16,1,10
facebook,1000,0,EfficientBFS,density_gap,True,ub2,d,14.0,0.95,FacebookGraphCoverage,462.0,13.351527620372957,30.386616706848145,10,1,10
facebook,1000,0,EfficientBFS,probing,False,ub2,d,14.0,0.95,FacebookGraphCoverage,462.0,13.351527620372957,25.050636529922485,7,1,10
facebook,1000,0,EfficientBFS,probing,True,ub2,d,14.0,0.95,FacebookGraphCoverage,462.0,13.351527620372957,7.633482217788696,2,1,10
facebook,1000,0,EfficientBFS,traditional,False,ub2,d,14.0,0.95,FacebookGraphCoverage,462.0,13.351527620372957,34.72085118293762,16,1,10
facebook,1000,0,EfficientBFS,traditional,True,ub2,d,14.0,0.95,FacebookGraphCoverage,462.0,13.351527620372957,25.737601280212402,10,1,10
facebook,1000,0,EfficientBFS,volume_biased,False,ub2,d,14.0,0.95,FacebookGraphCoverage,462.0,13.351527620372957,261.67520570755005,79,1,10
facebook,1000,0,EfficientBFS,volume_biased,True,ub2,d,14.0,0.95,FacebookGraphCoverage,462.0,13.351527620372957,7.252256393432617,2,1,10
facebook,1000,0,EfficientBFS,density_gap,False,ub2,d,15.0,0.95,FacebookGraphCoverage,478.0,14.714463277969013,214.7248125076294,79,1,10
facebook,1000,0,EfficientBFS,density_gap,True,ub2,d,15.0,0.95,FacebookGraphCoverage,478.0,14.714463277969013,177.82662272453308,53,1,10
facebook,1000,0,EfficientBFS,probing,False,ub2,d,15.0,0.95,FacebookGraphCoverage,478.0,14.714463277969013,76.23970794677734,19,1,10
facebook,1000,0,EfficientBFS,probing,True,ub2,d,15.0,0.95,FacebookGraphCoverage,478.0,14.714463277969013,10.65869665145874,2,1,10
facebook,1000,0,EfficientBFS,traditional,False,ub2,d,15.0,0.95,FacebookGraphCoverage,478.0,14.714463277969013,189.16258716583252,79,1,10
facebook,1000,0,EfficientBFS,traditional,True,ub2,d,15.0,0.95,FacebookGraphCoverage,478.0,14.714463277969013,159.1739616394043,53,1,10
facebook,1000,0,EfficientBFS,volume_biased,False,ub2,d,15.0,0.95,FacebookGraphCoverage,478.0,14.714463277969013,21.85431671142578,7,1,10
facebook,1000,0,EfficientBFS,volume_biased,True,ub2,d,15.0,0.95,FacebookGraphCoverage,478.0,14.714463277969013,10.634013652801514,2,1,10
facebook,1000,0,EfficientBFS,density_gap,False,ub2,d,16.0,0.95,FacebookGraphCoverage,489.0,15.738173551176818,153.63459420204163,55,1,11
facebook,1000,0,EfficientBFS,density_gap,True,ub2,d,16.0,0.95,FacebookGraphCoverage,489.0,15.738173551176818,165.59895634651184,43,1,11
facebook,1000,0,EfficientBFS,probing,False,ub2,d,16.0,0.95,FacebookGraphCoverage,489.0,15.738173551176818,79.05179476737976,19,1,11
facebook,1000,0,EfficientBFS,probing,True,ub2,d,16.0,0.95,FacebookGraphCoverage,489.0,15.738173551176818,90.15313267707825,17,1,11
facebook,1000,0,EfficientBFS,traditional,False,ub2,d,16.0,0.95,FacebookGraphCoverage,489.0,15.738173551176818,131.69498562812805,55,1,11
facebook,1000,0,EfficientBFS,traditional,True,ub2,d,16.0,0.95,FacebookGraphCoverage,489.0,15.738173551176818,138.44003701210022,43,1,11
facebook,1000,0,EfficientBFS,volume_biased,False,ub2,d,16.0,0.95,FacebookGraphCoverage,489.0,15.738173551176818,383.5877916812897,105,1,11
facebook,1000,0,EfficientBFS,volume_biased,True,ub2,d,16.0,0.95,FacebookGraphCoverage,489.0,15.738173551176818,454.11403250694275,105,1,11
facebook,1000,0,EfficientBFS,density_gap,False,ub2,d,17.0,0.95,FacebookGraphCoverage,495.0,16.267666269729773,172.38211917877197,59,1,11
facebook,1000,0,EfficientBFS,density_gap,True,ub2,d,17.0,0.95,FacebookGraphCoverage,495.0,16.267666269729773,162.95356106758118,46,1,11
facebook,1000,0,EfficientBFS,probing,False,ub2,d,17.0,0.95,FacebookGraphCoverage,495.0,16.267666269729773,84.7945408821106,19,1,11
facebook,1000,0,EfficientBFS,probing,True,ub2,d,17.0,0.95,FacebookGraphCoverage,495.0,16.267666269729773,111.66940093040466,19,1,11
facebook,1000,0,EfficientBFS,traditional,False,ub2,d,17.0,0.95,FacebookGraphCoverage,495.0,16.267666269729773,145.91035270690918,59,1,11
facebook,1000,0,EfficientBFS,traditional,True,ub2,d,17.0,0.95,FacebookGraphCoverage,495.0,16.267666269729773,143.69693398475647,46,1,11
facebook,1000,0,EfficientBFS,volume_biased,False,ub2,d,17.0,0.95,FacebookGraphCoverage,495.0,16.267666269729773,430.012079000473,113,1,11
facebook,1000,0,EfficientBFS,volume_biased,True,ub2,d,17.0,0.95,FacebookGraphCoverage,495.0,16.267666269729773,515.0522298812866,113,1,11
facebook,1000,0,EfficientBFS,density_gap,False,ub2,d,18.0,0.95,FacebookGraphCoverage,506.0,17.291376542937577,254.49664330482483,84,1,12
facebook,1000,0,EfficientBFS,density_gap,True,ub2,d,18.0,0.95,FacebookGraphCoverage,506.0,17.291376542937577,193.91749167442322,55,1,12
facebook,1000,0,EfficientBFS,probing,False,ub2,d,18.0,0.95,FacebookGraphCoverage,506.0,17.291376542937577,115.95299792289734,25,1,12
facebook,1000,0,EfficientBFS,probing,True,ub2,d,18.0,0.95,FacebookGraphCoverage,506.0,17.291376542937577,115.92074418067932,19,1,12
facebook,1000,0,EfficientBFS,traditional,False,ub2,d,18.0,0.95,FacebookGraphCoverage,506.0,17.291376542937577,217.78135299682617,84,1,12
facebook,1000,0,EfficientBFS,traditional,True,ub2,d,18.0,0.95,FacebookGraphCoverage,506.0,17.291376542937577,168.82720732688904,55,1,12
facebook,1000,0,EfficientBFS,volume_biased,False,ub2,d,18.0,0.95,FacebookGraphCoverage,506.0,17.291376542937577,370.3822076320648,93,1,12
facebook,1000,0,EfficientBFS,volume_biased,True,ub2,d,18.0,0.95,FacebookGraphCoverage,506.0,17.291376542937577,199.72222590446472,41,1,12
facebook,1000,0,EfficientBFS,density_gap,False,ub2,d,19.0,0.95,FacebookGraphCoverage,517.0,18.35051222762937,375.5165572166443,123,1,13
facebook,1000,0,EfficientBFS,density_gap,True,ub2,d,19.0,0.95,FacebookGraphCoverage,517.0,18.35051222762937,370.00518321990967,93,1,13
facebook,1000,0,EfficientBFS,probing,False,ub2,d,19.0,0.95,FacebookGraphCoverage,517.0,18.35051222762937,142.82884860038757,31,1,13
facebook,1000,0,EfficientBFS,probing,True,ub2,d,19.0,0.95,FacebookGraphCoverage,517.0,18.35051222762937,166.46058583259583,25,1,13
facebook,1000,0,EfficientBFS,traditional,False,ub2,d,19.0,0.95,FacebookGraphCoverage,517.0,18.35051222762937,335.48772382736206,123,1,13
facebook,1000,0,EfficientBFS,traditional,True,ub2,d,19.0,0.95,FacebookGraphCoverage,517.0,18.35051222762937,327.00123405456543,93,1,13
facebook,1000,0,EfficientBFS,volume_biased,False,ub2,d,19.0,0.95,FacebookGraphCoverage,517.0,18.35051222762937,377.9987413883209,95,1,13
facebook,1000,0,EfficientBFS,volume_biased,True,ub2,d,19.0,0.95,FacebookGraphCoverage,517.0,18.35051222762937,174.8141474723816,37,1,13
facebook,1000,0,EfficientBFS,density_gap,False,ub2,d,20.0,0.95,FacebookGraphCoverage,527.0,19.38904518236049,457.9245448112488,147,1,14
facebook,1000,0,EfficientBFS,density_gap,True,ub2,d,20.0,0.95,FacebookGraphCoverage,527.0,19.38904518236049,373.5134708881378,104,1,14
facebook,1000,0,EfficientBFS,probing,False,ub2,d,20.0,0.95,FacebookGraphCoverage,527.0,19.38904518236049,163.0486466884613,35,1,14
facebook,1000,0,EfficientBFS,probing,True,ub2,d,20.0,0.95,FacebookGraphCoverage,527.0,19.38904518236049,168.14379358291626,27,1,14
facebook,1000,0,EfficientBFS,traditional,False,ub2,d,20.0,0.95,FacebookGraphCoverage,527.0,19.38904518236049,389.62308645248413,147,1,14
facebook,1000,0,EfficientBFS,traditional,True,ub2,d,20.0,0.95,FacebookGraphCoverage,527.0,19.38904518236049,333.7767436504364,104,1,14
facebook,1000,0,EfficientBFS,volume_biased,False,ub2,d,20.0,0.95,FacebookGraphCoverage,527.0,19.38904518236049,588.0437924861908,143,1,14
facebook,1000,0,EfficientBFS,volume_biased,True,ub2,d,20.0,0.95,FacebookGraphCoverage,527.0,19.38904518236049,155.22821426391602,33,1,14
facebook,1000,0,EfficientBFS,density_gap,False,ub2,d,21.0,0.95,FacebookGraphCoverage,537.0,20.617703368064326,674.2471013069153,209,1,15
facebook,1000,0,EfficientBFS,density_gap,True,ub2,d,21.0,0.95,FacebookGraphCoverage,537.0,20.617703368064326,796.394180059433,209,1,15
facebook,1000,0,EfficientBFS,probing,False,ub2,d,21.0,0.95,FacebookGraphCoverage,537.0,20.617703368064326,274.4619975090027,56,1,15
facebook,1000,0,EfficientBFS,probing,True,ub2,d,21.0,0.95,FacebookGraphCoverage,537.0,20.617703368064326,345.83550548553467,55,1,15
facebook,1000,0,EfficientBFS,traditional,False,ub2,d,21.0,0.95,FacebookGraphCoverage,537.0,20.617703368064326,580.0515384674072,209,1,15
facebook,1000,0,EfficientBFS,traditional,True,ub2,d,21.0,0.95,FacebookGraphCoverage,537.0,20.617703368064326,694.4234671592712,209,1,15
facebook,1000,0,EfficientBFS,volume_biased,False,ub2,d,21.0,0.95,FacebookGraphCoverage,537.0,20.617703368064326,534.4439010620117,122,1,15
facebook,1000,0,EfficientBFS,volume_biased,True,ub2,d,21.0,0.95,FacebookGraphCoverage,537.0,20.617703368064326,220.57819938659668,43,1,15
facebook,1000,0,EfficientBFS,density_gap,False,ub2,d,22.0,0.95,FacebookGraphCoverage,547.0,21.94363150673523,740.6806588172913,225,1,16
facebook,1000,0,EfficientBFS,density_gap,True,ub2,d,22.0,0.95,FacebookGraphCoverage,547.0,21.94363150673523,879.3266444206238,225,1,16
facebook,1000,0,EfficientBFS,probing,False,ub2,d,22.0,0.95,FacebookGraphCoverage,547.0,21.94363150673523,289.6174509525299,56,1,16
facebook,1000,0,EfficientBFS,probing,True,ub2,d,22.0,0.95,FacebookGraphCoverage,547.0,21.94363150673523,368.2251272201538,55,1,16
facebook,1000,0,EfficientBFS,traditional,False,ub2,d,22.0,0.95,FacebookGraphCoverage,547.0,21.94363150673523,630.9886622428894,225,1,16
facebook,1000,0,EfficientBFS,traditional,True,ub2,d,22.0,0.95,FacebookGraphCoverage,547.0,21.94363150673523,772.9846048355103,225,1,16
facebook,1000,0,EfficientBFS,volume_biased,False,ub2,d,22.0,0.95,FacebookGraphCoverage,547.0,21.94363150673523,481.81551218032837,102,1,16
facebook,1000,0,EfficientBFS,volume_biased,True,ub2,d,22.0,0.95,FacebookGraphCoverage,547.0,21.94363150673523,327.7597005367279,59,1,16
facebook,1000,0,EfficientBFS,density_gap,False,ub2,d,23.0,0.95,FacebookGraphCoverage,554.0,22.77694214327672,1259.749284029007,361,1,16
facebook,1000,0,EfficientBFS,density_gap,True,ub2,d,23.0,0.95,FacebookGraphCoverage,554.0,22.77694214327672,1306.6349244117737,331,1,16
facebook,1000,0,EfficientBFS,probing,False,ub2,d,23.0,0.95,FacebookGraphCoverage,554.0,22.77694214327672,483.8153748512268,90,1,16
facebook,1000,0,EfficientBFS,probing,True,ub2,d,23.0,0.95,FacebookGraphCoverage,554.0,22.77694214327672,614.3097825050354,90,1,16
facebook,1000,0,EfficientBFS,traditional,False,ub2,d,23.0,0.95,FacebookGraphCoverage,554.0,22.77694214327672,1046.5124356746674,361,1,16
facebook,1000,0,EfficientBFS,traditional,True,ub2,d,23.0,0.95,FacebookGraphCoverage,554.0,22.77694214327672,1138.6511919498444,331,1,16
facebook,1000,0,EfficientBFS,volume_biased,False,ub2,d,23.0,0.95,FacebookGraphCoverage,554.0,22.77694214327672,796.1432249546051,158,1,16
facebook,1000,0,EfficientBFS,volume_biased,True,ub2,d,23.0,0.95,FacebookGraphCoverage,554.0,22.77694214327672,861.6458320617676,142,1,16
facebook,1000,0,EfficientBFS,density_gap,False,ub2,d,24.0,0.95,FacebookGraphCoverage,561.0,23.814213104937117,1209.544413805008,348,1,17
facebook,1000,0,EfficientBFS,density_gap,True,ub2,d,24.0,0.95,FacebookGraphCoverage,561.0,23.814213104937117,1381.2738211154938,348,1,17
facebook,1000,0,EfficientBFS,probing,False,ub2,d,24.0,0.95,FacebookGraphCoverage,561.0,23.814213104937117,492.1644606590271,88,1,17
facebook,1000,0,EfficientBFS,probing,True,ub2,d,24.0,0.95,FacebookGraphCoverage,561.0,23.814213104937117,624.6440603733063,88,1,17
facebook,1000,0,EfficientBFS,traditional,False,ub2,d,24.0,0.95,FacebookGraphCoverage,561.0,23.814213104937117,1058.3374309539795,348,1,17
facebook,1000,0,EfficientBFS,traditional,True,ub2,d,24.0,0.95,FacebookGraphCoverage,561.0,23.814213104937117,1200.7369318008423,348,1,17
facebook,1000,0,EfficientBFS,volume_biased,False,ub2,d,24.0,0.95,FacebookGraphCoverage,561.0,23.814213104937117,890.3185329437256,166,1,17
facebook,1000,0,EfficientBFS,volume_biased,True,ub2,d,24.0,0.95,FacebookGraphCoverage,561.0,23.814213104937117,882.716598033905,140,1,17
facebook,1000,0,EfficientBFS,density_gap,False,ub2,d,25.0,0.95,FacebookGraphCoverage,564.0,24.102870281947624,3156.440015077591,864,1,17
facebook,1000,0,EfficientBFS,density_gap,True,ub2,d,25.0,0.95,FacebookGraphCoverage,564.0,24.102870281947624,3763.6861522197723,864,1,17
facebook,1000,0,EfficientBFS,probing,False,ub2,d,25.0,0.95,FacebookGraphCoverage,564.0,24.102870281947624,1457.8570363521576,246,1,17
facebook,1000,0,EfficientBFS,probing,True,ub2,d,25.0,0.95,FacebookGraphCoverage,564.0,24.102870281947624,1809.3339545726776,246,1,17
facebook,1000,0,EfficientBFS,traditional,False,ub2,d,25.0,0.95,FacebookGraphCoverage,564.0,24.102870281947624,2704.6997015476227,864,1,17
facebook,1000,0,EfficientBFS,traditional,True,ub2,d,25.0,0.95,FacebookGraphCoverage,564.0,24.102870281947624,3321.5457606315613,864,1,17
facebook,1000,0,EfficientBFS,volume_biased,False,ub2,d,25.0,0.95,FacebookGraphCoverage,564.0,24.102870281947624,1102.8484950065613,192,1,17
facebook,1000,0,EfficientBFS,volume_biased,True,ub2,d,25.0,0.95,FacebookGraphCoverage,564.0,24.102870281947624,618.8061664104462,92,1,17
facebook,1000,0,EfficientBFS,density_gap,False,ub2,d,26.0,0.95,FacebookGraphCoverage,576.0,25.7387711858914,3413.563595056534,912,1,18
facebook,1000,0,EfficientBFS,density_gap,True,ub2,d,26.0,0.95,FacebookGraphCoverage,576.0,25.7387711858914,3721.1145148277283,844,1,18
facebook,1000,0,EfficientBFS,probing,False,ub2,d,26.0,0.95,FacebookGraphCoverage,576.0,25.7387711858914,1487.2828495502472,240,1,18
facebook,1000,0,EfficientBFS,probing,True,ub2,d,26.0,0.95,FacebookGraphCoverage,576.0,25.7387711858914,1681.2927017211914,216,1,18
facebook,1000,0,EfficientBFS,traditional,False,ub2,d,26.0,0.95,FacebookGraphCoverage,576.0,25.7387711858914,2962.535181760788,912,1,18
facebook,1000,0,EfficientBFS,traditional,True,ub2,d,26.0,0.95,FacebookGraphCoverage,576.0,25.7387711858914,3270.738360643387,844,1,18
facebook,1000,0,EfficientBFS,volume_biased,False,ub2,d,26.0,0.95,FacebookGraphCoverage,576.0,25.7387711858914,1331.692367553711,224,1,18
facebook,1000,0,EfficientBFS,volume_biased,True,ub2,d,26.0,0.95,FacebookGraphCoverage,576.0,25.7387711858914,555.6930735111237,80,1,18
facebook,1000,0,EfficientBFS,density_gap,False,ub2,d,27.0,0.95,FacebookGraphCoverage,585.0,26.997919918260145,4093.1022515296936,1023,1,19
facebook,1000,0,EfficientBFS,density_gap,True,ub2,d,27.0,0.95,FacebookGraphCoverage,585.0,26.997919918260145,4508.479942321777,1023,1,19
facebook,1000,0,EfficientBFS,probing,False,ub2,d,27.0,0.95,FacebookGraphCoverage,585.0,26.997919918260145,1725.344358921051,270,1,19
facebook,1000,0,EfficientBFS,probing,True,ub2,d,27.0,0.95,FacebookGraphCoverage,585.0,26.997919918260145,2108.2176966667175,270,1,19
facebook,1000,0,EfficientBFS,traditional,False,ub2,d,27.0,0.95,FacebookGraphCoverage,585.0,26.997919918260145,3401.9038257598877,1023,1,19
facebook,1000,0,EfficientBFS,traditional,True,ub2,d,27.0,0.95,FacebookGraphCoverage,585.0,26.997919918260145,3916.5696280002594,1023,1,19
facebook,1000,0,EfficientBFS,volume_biased,False,ub2,d,27.0,0.95,FacebookGraphCoverage,585.0,26.997919918260145,1307.3136415481567,210,1,19
facebook,1000,0,EfficientBFS,volume_biased,True,ub2,d,27.0,0.95,FacebookGraphCoverage,585.0,26.997919918260145,1337.9314439296722,184,1,19
facebook,1000,0,EfficientBFS,density_gap,False,ub2,d,28.0,0.95,FacebookGraphCoverage,585.0,27.999399288729407,4464.094325304031,1123,1,20
facebook,1000,0,EfficientBFS,density_gap,True,ub2,d,28.0,0.95,FacebookGraphCoverage,585.0,27.999399288729407,5015.827539205551,1123,1,20
facebook,1000,0,EfficientBFS,probing,False,ub2,d,28.0,0.95,FacebookGraphCoverage,585.0,27.999399288729407,1866.1609342098236,274,1,20
facebook,1000,0,EfficientBFS,probing,True,ub2,d,28.0,0.95,FacebookGraphCoverage,585.0,27.999399288729407,2135.2193722724915,274,1,20
facebook,1000,0,EfficientBFS,traditional,False,ub2,d,28.0,0.95,FacebookGraphCoverage,585.0,27.999399288729407,3813.1108334064484,1123,1,20
facebook,1000,0,EfficientBFS,traditional,True,ub2,d,28.0,0.95,FacebookGraphCoverage,585.0,27.999399288729407,4380.740299701691,1123,1,20
facebook,1000,0,EfficientBFS,volume_biased,False,ub2,d,28.0,0.95,FacebookGraphCoverage,585.0,27.999399288729407,1348.4660482406616,200,1,20
facebook,1000,0,EfficientBFS,volume_biased,True,ub2,d,28.0,0.95,FacebookGraphCoverage,585.0,27.999399288729407,1463.6630990505219,196,1,20
facebook,1000,0,EfficientBFS,density_gap,False,ub2,d,29.0,0.95,FacebookGraphCoverage,592.0,28.035190879920542,7382.123012542725,1818,1,20
facebook,1000,0,EfficientBFS,density_gap,True,ub2,d,29.0,0.95,FacebookGraphCoverage,592.0,28.035190879920542,8765.347518205643,1818,1,20
facebook,1000,0,EfficientBFS,probing,False,ub2,d,29.0,0.95,FacebookGraphCoverage,592.0,28.035190879920542,2721.540370941162,390,1,20
facebook,1000,0,EfficientBFS,probing,True,ub2,d,29.0,0.95,FacebookGraphCoverage,592.0,28.035190879920542,3326.6782763004303,390,1,20
facebook,1000,0,EfficientBFS,traditional,False,ub2,d,29.0,0.95,FacebookGraphCoverage,592.0,28.035190879920542,6397.118822336197,1818,1,20
facebook,1000,0,EfficientBFS,traditional,True,ub2,d,29.0,0.95,FacebookGraphCoverage,592.0,28.035190879920542,7536.154046058655,1818,1,20
facebook,1000,0,EfficientBFS,volume_biased,False,ub2,d,29.0,0.95,FacebookGraphCoverage,592.0,28.035190879920542,1751.913377046585,248,1,20
facebook,1000,0,EfficientBFS,volume_biased,True,ub2,d,29.0,0.95,FacebookGraphCoverage,592.0,28.035190879920542,1660.0263657569885,204,1,20
facebook,1000,0,EfficientBFS,density_gap,True,ub2,d,30.0,0.95,FacebookGraphCoverage,602.0,29.386194906907036,9682.025432348251,1933,1,20
facebook,1000,0,EfficientBFS,probing,True,ub2,d,30.0,0.95,FacebookGraphCoverage,602.0,29.386194906907036,3849.216454744339,420,1,20
facebook,1000,0,EfficientBFS,traditional,True,ub2,d,30.0,0.95,FacebookGraphCoverage,602.0,29.386194906907036,8625.211698770523,1933,1,20
facebook,1000,0,EfficientBFS,volume_biased,True,ub2,d,30.0,0.95,FacebookGraphCoverage,602.0,29.386194906907036,1236.6243460178375,148,1,20
youtube,1000,0,EfficientBFS,density_gap,False,ub2,d,6.0,0.95,YoutubeCoverage,18.0,5.845890557369895,12.862380743026733,35,1,5
youtube,1000,0,EfficientBFS,density_gap,False,ub2,d,6.0,1.0,YoutubeCoverage,18.0,5.845890557369895,152.73168778419495,278,1,5
youtube,1000,1,EfficientBFS,density_gap,False,ub2,d,6.0,0.95,YoutubeCoverage,12.0,5.941820124923192,0.05199909210205078,1,1,3
youtube,1000,0,EfficientBFS,density_gap,True,ub2,d,6.0,0.95,YoutubeCoverage,18.0,5.845890557369895,13.601958751678467,35,1,5
youtube,1000,0,EfficientBFS,density_gap,True,ub2,d,6.0,1.0,YoutubeCoverage,18.0,5.845890557369895,137.07566332817078,278,1,5
youtube,1000,0,EfficientBFS,probing,False,ub2,d,6.0,0.95,YoutubeCoverage,18.0,5.845890557369895,18.197625875473022,29,1,5
youtube,1000,0,EfficientBFS,probing,False,ub2,d,6.0,1.0,YoutubeCoverage,18.0,5.845890557369895,202.30318093299866,277,1,5
youtube,1000,0,EfficientBFS,probing,True,ub2,d,6.0,0.95,YoutubeCoverage,18.0,5.845890557369895,19.629007816314697,29,1,5
youtube,1000,0,EfficientBFS,probing,True,ub2,d,6.0,1.0,YoutubeCoverage,18.0,5.845890557369895,193.73956203460693,277,1,5
youtube,1000,0,EfficientBFS,traditional,False,ub2,d,6.0,0.95,YoutubeCoverage,18.0,5.845890557369895,12.258972644805908,35,1,5
youtube,1000,0,EfficientBFS,traditional,False,ub2,d,6.0,1.0,YoutubeCoverage,18.0,5.845890557369895,151.95731496810913,278,1,5
youtube,1000,0,EfficientBFS,traditional,True,ub2,d,6.0,0.95,YoutubeCoverage,18.0,5.845890557369895,12.709773302078247,35,1,5
youtube,1000,0,EfficientBFS,traditional,True,ub2,d,6.0,1.0,YoutubeCoverage,18.0,5.845890557369895,142.01834917068481,278,1,5
youtube,1000,0,EfficientBFS,volume_biased,False,ub2,d,6.0,0.95,YoutubeCoverage,18.0,5.845890557369895,99.08567118644714,194,1,5
youtube,1000,0,EfficientBFS,volume_biased,False,ub2,d,6.0,1.0,YoutubeCoverage,18.0,5.845890557369895,252.39732694625854,435,1,5
youtube,1000,0,EfficientBFS,volume_biased,True,ub2,d,6.0,0.95,YoutubeCoverage,18.0,5.845890557369895,101.29593014717102,194,1,5
youtube,1000,0,EfficientBFS,volume_biased,True,ub2,d,6.0,1.0,YoutubeCoverage,18.0,5.845890557369895,238.6974458694458,435,1,5
youtube,1000,0,EfficientBFS,density_gap,False,ub2,d,7.0,0.95,YoutubeCoverage,23.0,6.044828632797984,0.32257723808288574,3,1,2
youtube,1000,0,EfficientBFS,density_gap,False,ub2,d,7.0,1.0,YoutubeCoverage,23.0,6.044828632797984,0.3246321678161621,3,1,2
youtube,1000,1,EfficientBFS,density_gap,False,ub2,d,7.0,0.95,YoutubeCoverage,13.0,6.944181089107824,0.05499839782714844,1,1,4
youtube,1000,0,EfficientBFS,density_gap,True,ub2,d,7.0,0.95,YoutubeCoverage,23.0,6.044828632797984,0.3669273853302002,3,1,2
youtube,1000,0,EfficientBFS,density_gap,True,ub2,d,7.0,1.0,YoutubeCoverage,23.0,6.044828632797984,0.39799952507019043,3,1,2
youtube,1000,0,EfficientBFS,probing,False,ub2,d,7.0,0.95,YoutubeCoverage,23.0,6.044828632797984,1.4596292972564697,3,1,2
youtube,1000,0,EfficientBFS,probing,False,ub2,d,7.0,1.0,YoutubeCoverage,23.0,6.044828632797984,1.823002576828003,3,1,2
youtube,1000,0,EfficientBFS,probing,True,ub2,d,7.0,0.95,YoutubeCoverage,23.0,6.044828632797984,1.9730033874511719,3,1,2
youtube,1000,0,EfficientBFS,probing,True,ub2,d,7.0,1.0,YoutubeCoverage,23.0,6.044828632797984,1.846003770828247,3,1,2
youtube,1000,0,EfficientBFS,traditional,False,ub2,d,7.0,0.95,YoutubeCoverage,23.0,6.044828632797984,0.31501173973083496,3,1,2
youtube,1000,0,EfficientBFS,traditional,False,ub2,d,7.0,1.0,YoutubeCoverage,23.0,6.044828632797984,0.4949977397918701,3,1,2
youtube,1000,0,EfficientBFS,traditional,True,ub2,d,7.0,0.95,YoutubeCoverage,23.0,6.044828632797984,0.3639993667602539,3,1,2
youtube,1000,0,EfficientBFS,traditional,True,ub2,d,7.0,1.0,YoutubeCoverage,23.0,6.044828632797984,0.37800049781799316,3,1,2
youtube,1000,0,EfficientBFS,volume_biased,False,ub2,d,7.0,0.95,YoutubeCoverage,23.0,6.044828632797984,1.8172006607055664,3,1,2
youtube,1000,0,EfficientBFS,volume_biased,False,ub2,d,7.0,1.0,YoutubeCoverage,23.0,6.044828632797984,2.1097257137298584,3,1,2
youtube,1000,0,EfficientBFS,volume_biased,True,ub2,d,7.0,0.95,YoutubeCoverage,23.0,6.044828632797984,2.2126517295837402,3,1,2
youtube,1000,0,EfficientBFS,volume_biased,True,ub2,d,7.0,1.0,YoutubeCoverage,23.0,6.044828632797984,2.318577527999878,3,1,2
youtube,1000,0,EfficientBFS,density_gap,False,ub2,d,8.0,0.95,YoutubeCoverage,26.0,7.112734725094761,0.05099678039550781,1,1,3
youtube,1000,0,EfficientBFS,density_gap,False,ub2,d,8.0,1.0,YoutubeCoverage,26.0,7.112734725094761,3.9485135078430176,6,1,3
youtube,1000,1,EfficientBFS,density_gap,False,ub2,d,8.0,0.95,YoutubeCoverage,14.0,7.53980074837499,0.04699826240539551,1,1,4
youtube,1000,0,EfficientBFS,density_gap,True,ub2,d,8.0,0.95,YoutubeCoverage,26.0,7.112734725094761,0.046000003814697266,1,1,3
youtube,1000,0,EfficientBFS,density_gap,True,ub2,d,8.0,1.0,YoutubeCoverage,26.0,7.112734725094761,3.7386562824249268,6,1,3
youtube,1000,0,EfficientBFS,probing,False,ub2,d,8.0,0.95,YoutubeCoverage,26.0,7.112734725094761,0.045999765396118164,1,1,3
youtube,1000,0,EfficientBFS,probing,False,ub2,d,8.0,1.0,YoutubeCoverage,26.0,7.112734725094761,8.874236583709717,6,1,3
youtube,1000,0,EfficientBFS,probing,True,ub2,d,8.0,0.95,YoutubeCoverage,26.0,7.112734725094761,0.04500246047973633,1,1,3
youtube,1000,0,EfficientBFS,probing,True,ub2,d,8.0,1.0,YoutubeCoverage,26.0,7.112734725094761,8.802605867385864,6,1,3
youtube,1000,0,EfficientBFS,traditional,False,ub2,d,8.0,0.95,YoutubeCoverage,26.0,7.112734725094761,0.05200505256652832,1,1,3
youtube,1000,0,EfficientBFS,traditional,False,ub2,d,8.0,1.0,YoutubeCoverage,26.0,7.112734725094761,3.812614679336548,6,1,3
youtube,1000,0,EfficientBFS,traditional,True,ub2,d,8.0,0.95,YoutubeCoverage,26.0,7.112734725094761,0.0650014877319336,1,1,3
youtube,1000,0,EfficientBFS,traditional,True,ub2,d,8.0,1.0,YoutubeCoverage,26.0,7.112734725094761,3.977290391921997,6,1,3
youtube,1000,0,EfficientBFS,volume_biased,False,ub2,d,8.0,0.95,YoutubeCoverage,26.0,7.112734725094761,0.06298947334289551,1,1,3
youtube,1000,0,EfficientBFS,volume_biased,False,ub2,d,8.0,1.0,YoutubeCoverage,26.0,7.112734725094761,6.579601764678955,6,1,3
youtube,1000,0,EfficientBFS,volume_biased,True,ub2,d,8.0,0.95,YoutubeCoverage,26.0,7.112734725094761,0.09099912643432617,1,1,3
youtube,1000,0,EfficientBFS,volume_biased,True,ub2,d,8.0,1.0,YoutubeCoverage,26.0,7.112734725094761,7.032153844833374,6,1,3
youtube,1000,0,EfficientBFS,density_gap,False,ub2,d,9.0,0.95,YoutubeCoverage,28.0,8.11421409556402,0.06000208854675293,1,1,4
youtube,1000,0,EfficientBFS,density_gap,False,ub2,d,9.0,1.0,YoutubeCoverage,28.0,8.11421409556402,9.133186101913452,13,1,4
youtube,1000,1,EfficientBFS,density_gap,False,ub2,d,9.0,0.95,YoutubeCoverage,15.0,8.54216171255962,0.04999852180480957,1,1,5
youtube,1000,0,EfficientBFS,density_gap,True,ub2,d,9.0,0.95,YoutubeCoverage,28.0,8.11421409556402,0.06500005722045898,1,1,4
youtube,1000,0,EfficientBFS,density_gap,True,ub2,d,9.0,1.0,YoutubeCoverage,28.0,8.11421409556402,9.762431859970093,13,1,4
youtube,1000,0,EfficientBFS,probing,False,ub2,d,9.0,0.95,YoutubeCoverage,28.0,8.11421409556402,0.08200240135192871,1,1,4
youtube,1000,0,EfficientBFS,probing,False,ub2,d,9.0,1.0,YoutubeCoverage,28.0,8.11421409556402,21.504162549972534,13,1,4
youtube,1000,0,EfficientBFS,probing,True,ub2,d,9.0,0.95,YoutubeCoverage,28.0,8.11421409556402,0.07199835777282715,1,1,4
youtube,1000,0,EfficientBFS,probing,True,ub2,d,9.0,1.0,YoutubeCoverage,28.0,8.11421409556402,21.550299644470215,13,1,4
youtube,1000,0,EfficientBFS,traditional,False,ub2,d,9.0,0.95,YoutubeCoverage,28.0,8.11421409556402,0.08300042152404785,1,1,4
youtube,1000,0,EfficientBFS,traditional,False,ub2,d,9.0,1.0,YoutubeCoverage,28.0,8.11421409556402,8.44654893875122,13,1,4
youtube,1000,0,EfficientBFS,traditional,True,ub2,d,9.0,0.95,YoutubeCoverage,28.0,8.11421409556402,0.06199455261230469,1,1,4
youtube,1000,0,EfficientBFS,traditional,True,ub2,d,9.0,1.0,YoutubeCoverage,28.0,8.11421409556402,8.140016078948975,13,1,4
youtube,1000,0,EfficientBFS,volume_biased,False,ub2,d,9.0,0.95,YoutubeCoverage,28.0,8.11421409556402,0.07299947738647461,1,1,4
youtube,1000,0,EfficientBFS,volume_biased,False,ub2,d,9.0,1.0,YoutubeCoverage,28.0,8.11421409556402,15.457896947860718,13,1,4
youtube,1000,0,EfficientBFS,volume_biased,True,ub2,d,9.0,0.95,YoutubeCoverage,28.0,8.11421409556402,0.07799720764160156,1,1,4
youtube,1000,0,EfficientBFS,volume_biased,True,ub2,d,9.0,1.0,YoutubeCoverage,28.0,8.11421409556402,17.07850980758667,13,1,4
youtube,1000,0,EfficientBFS,density_gap,False,ub2,d,10.0,0.95,YoutubeCoverage,30.0,9.146583780220634,0.08600354194641113,1,1,5
youtube,1000,0,EfficientBFS,density_gap,False,ub2,d,10.0,1.0,YoutubeCoverage,30.0,9.146583780220634,9.94409704208374,15,1,5
youtube,1000,1,EfficientBFS,density_gap,False,ub2,d,10.0,0.95,YoutubeCoverage,16.0,9.174437541404393,0.05100107192993164,1,1,5
youtube,1000,0,EfficientBFS,density_gap,True,ub2,d,10.0,0.95,YoutubeCoverage,30.0,9.146583780220634,0.12400364875793457,1,1,5
youtube,1000,0,EfficientBFS,density_gap,True,ub2,d,10.0,1.0,YoutubeCoverage,30.0,9.146583780220634,11.000023126602173,15,1,5
youtube,1000,0,EfficientBFS,probing,False,ub2,d,10.0,0.95,YoutubeCoverage,30.0,9.146583780220634,0.07600092887878418,1,1,5
youtube,1000,0,EfficientBFS,probing,False,ub2,d,10.0,1.0,YoutubeCoverage,30.0,9.146583780220634,26.393993616104126,15,1,5
youtube,1000,0,EfficientBFS,probing,True,ub2,d,10.0,0.95,YoutubeCoverage,30.0,9.146583780220634,0.08699798583984375,1,1,5
youtube,1000,0,EfficientBFS,probing,True,ub2,d,10.0,1.0,YoutubeCoverage,30.0,9.146583780220634,27.96743893623352,15,1,5
youtube,1000,0,EfficientBFS,traditional,False,ub2,d,10.0,0.95,YoutubeCoverage,30.0,9.146583780220634,0.0890047550201416,1,1,5
youtube,1000,0,EfficientBFS,traditional,False,ub2,d,10.0,1.0,YoutubeCoverage,30.0,9.146583780220634,9.841994762420654,15,1,5
youtube,1000,0,EfficientBFS,traditional,True,ub2,d,10.0,0.95,YoutubeCoverage,30.0,9.146583780220634,0.08199858665466309,1,1,5
youtube,1000,0,EfficientBFS,traditional,True,ub2,d,10.0,1.0,YoutubeCoverage,30.0,9.146583780220634,9.843780040740967,15,1,5
youtube,1000,0,EfficientBFS,volume_biased,False,ub2,d,10.0,0.95,YoutubeCoverage,30.0,9.146583780220634,0.0760040283203125,1,1,5
youtube,1000,0,EfficientBFS,volume_biased,False,ub2,d,10.0,1.0,YoutubeCoverage,30.0,9.146583780220634,21.957643747329712,16,1,5
youtube,1000,0,EfficientBFS,volume_biased,True,ub2,d,10.0,0.95,YoutubeCoverage,30.0,9.146583780220634,0.08699703216552734,1,1,5
youtube,1000,0,EfficientBFS,volume_biased,True,ub2,d,10.0,1.0,YoutubeCoverage,30.0,9.146583780220634,24.01035761833191,16,1,5
youtube,1000,0,EfficientBFS,density_gap,False,ub2,d,11.0,0.95,YoutubeCoverage,32.0,10.676746640047597,0.11657166481018066,1,1,6
youtube,1000,0,EfficientBFS,density_gap,False,ub2,d,11.0,1.0,YoutubeCoverage,32.0,10.676746640047597,5.5813517570495605,9,1,6
youtube,1000,0,EfficientBFS,density_gap,True,ub2,d,11.0,0.95,YoutubeCoverage,32.0,10.676746640047597,0.13499927520751953,1,1,6
youtube,1000,0,EfficientBFS,density_gap,True,ub2,d,11.0,1.0,YoutubeCoverage,32.0,10.676746640047597,5.693078994750977,9,1,6
youtube,1000,0,EfficientBFS,probing,False,ub2,d,11.0,0.95,YoutubeCoverage,32.0,10.676746640047597,0.10600900650024414,1,1,6
youtube,1000,0,EfficientBFS,probing,False,ub2,d,11.0,1.0,YoutubeCoverage,32.0,10.676746640047597,16.60403275489807,9,1,6
youtube,1000,0,EfficientBFS,probing,True,ub2,d,11.0,0.95,YoutubeCoverage,32.0,10.676746640047597,0.12599968910217285,1,1,6
youtube,1000,0,EfficientBFS,probing,True,ub2,d,11.0,1.0,YoutubeCoverage,32.0,10.676746640047597,18.305155992507935,9,1,6
youtube,1000,0,EfficientBFS,traditional,False,ub2,d,11.0,0.95,YoutubeCoverage,32.0,10.676746640047597,0.10300230979919434,1,1,6
youtube,1000,0,EfficientBFS,traditional,False,ub2,d,11.0,1.0,YoutubeCoverage,32.0,10.676746640047597,5.545690536499023,9,1,6
youtube,1000,0,EfficientBFS,traditional,True,ub2,d,11.0,0.95,YoutubeCoverage,32.0,10.676746640047597,0.11499643325805664,1,1,6
youtube,1000,0,EfficientBFS,traditional,True,ub2,d,11.0,1.0,YoutubeCoverage,32.0,10.676746640047597,5.312574148178101,9,1,6
youtube,1000,0,EfficientBFS,volume_biased,False,ub2,d,11.0,0.95,YoutubeCoverage,32.0,10.676746640047597,0.0869908332824707,1,1,6
youtube,1000,0,EfficientBFS,volume_biased,False,ub2,d,11.0,1.0,YoutubeCoverage,32.0,10.676746640047597,19.13521718978882,13,1,6
youtube,1000,0,EfficientBFS,volume_biased,True,ub2,d,11.0,0.95,YoutubeCoverage,32.0,10.676746640047597,0.14999818801879883,1,1,6
youtube,1000,0,EfficientBFS,volume_biased,True,ub2,d,11.0,1.0,YoutubeCoverage,32.0,10.676746640047597,19.7998104095459,13,1,6
youtube,1000,0,EfficientBFS,density_gap,False,ub2,d,12.0,0.95,YoutubeCoverage,33.0,11.67857289904319,0.16800785064697266,1,1,7
youtube,1000,0,EfficientBFS,density_gap,False,ub2,d,12.0,1.0,YoutubeCoverage,33.0,11.67857289904319,213.2329785823822,303,1,7
youtube,1000,0,EfficientBFS,density_gap,True,ub2,d,12.0,0.95,YoutubeCoverage,33.0,11.67857289904319,0.16300034523010254,1,1,7
youtube,1000,0,EfficientBFS,density_gap,True,ub2,d,12.0,1.0,YoutubeCoverage,33.0,11.67857289904319,226.27641415596008,303,1,7
youtube,1000,0,EfficientBFS,probing,False,ub2,d,12.0,0.95,YoutubeCoverage,33.0,11.67857289904319,0.11600351333618164,1,1,7
youtube,1000,0,EfficientBFS,probing,False,ub2,d,12.0,1.0,YoutubeCoverage,33.0,11.67857289904319,425.524795293808,303,1,7
youtube,1000,0,EfficientBFS,probing,True,ub2,d,12.0,0.95,YoutubeCoverage,33.0,11.67857289904319,0.12199783325195312,1,1,7
youtube,1000,0,EfficientBFS,probing,True,ub2,d,12.0,1.0,YoutubeCoverage,33.0,11.67857289904319,471.7082657814026,303,1,7
youtube,1000,0,EfficientBFS,traditional,False,ub2,d,12.0,0.95,YoutubeCoverage,33.0,11.67857289904319,0.15200567245483398,1,1,7
youtube,1000,0,EfficientBFS,traditional,False,ub2,d,12.0,1.0,YoutubeCoverage,33.0,11.67857289904319,223.44772362709045,303,1,7
youtube,1000,0,EfficientBFS,traditional,True,ub2,d,12.0,0.95,YoutubeCoverage,33.0,11.67857289904319,0.11599969863891602,1,1,7
youtube,1000,0,EfficientBFS,traditional,True,ub2,d,12.0,1.0,YoutubeCoverage,33.0,11.67857289904319,232.9358835220337,303,1,7
youtube,1000,0,EfficientBFS,volume_biased,False,ub2,d,12.0,0.95,YoutubeCoverage,33.0,11.67857289904319,0.11500048637390137,1,1,7
youtube,1000,0,EfficientBFS,volume_biased,False,ub2,d,12.0,1.0,YoutubeCoverage,33.0,11.67857289904319,616.6605558395386,453,1,7
youtube,1000,0,EfficientBFS,volume_biased,True,ub2,d,12.0,0.95,YoutubeCoverage,33.0,11.67857289904319,0.14099931716918945,1,1,7
youtube,1000,0,EfficientBFS,volume_biased,True,ub2,d,12.0,1.0,YoutubeCoverage,33.0,11.67857289904319,668.9841568470001,453,1,7
youtube,1000,0,EfficientBFS,density_gap,False,ub2,d,13.0,0.95,YoutubeCoverage,34.0,12.219069745533055,0.11499691009521484,1,1,7
youtube,1000,0,EfficientBFS,density_gap,False,ub2,d,13.0,1.0,YoutubeCoverage,34.0,12.219069745533055,4619.860235691071,6669,1,7
youtube,1000,0,EfficientBFS,density_gap,True,ub2,d,13.0,0.95,YoutubeCoverage,34.0,12.219069745533055,0.14899492263793945,1,1,7
youtube,1000,0,EfficientBFS,density_gap,True,ub2,d,13.0,1.0,YoutubeCoverage,34.0,12.219069745533055,5915.415659427643,6669,1,7
youtube,1000,0,EfficientBFS,probing,False,ub2,d,13.0,0.95,YoutubeCoverage,34.0,12.219069745533055,0.11200332641601562,1,1,7
youtube,1000,0,EfficientBFS,probing,False,ub2,d,13.0,1.0,YoutubeCoverage,34.0,12.219069745533055,8858.60390329361,6669,1,7
youtube,1000,0,EfficientBFS,probing,True,ub2,d,13.0,0.95,YoutubeCoverage,34.0,12.219069745533055,0.14600181579589844,1,1,7
youtube,1000,0,EfficientBFS,probing,True,ub2,d,13.0,1.0,YoutubeCoverage,34.0,12.219069745533055,11406.711233139038,6669,1,7
youtube,1000,0,EfficientBFS,traditional,False,ub2,d,13.0,0.95,YoutubeCoverage,34.0,12.219069745533055,0.13857245445251465,1,1,7
youtube,1000,0,EfficientBFS,traditional,False,ub2,d,13.0,1.0,YoutubeCoverage,34.0,12.219069745533055,4692.463698625565,6669,1,7
youtube,1000,0,EfficientBFS,traditional,True,ub2,d,13.0,0.95,YoutubeCoverage,34.0,12.219069745533055,0.13899755477905273,1,1,7
youtube,1000,0,EfficientBFS,traditional,True,ub2,d,13.0,1.0,YoutubeCoverage,34.0,12.219069745533055,5909.47606420517,6669,1,7
youtube,1000,0,EfficientBFS,volume_biased,False,ub2,d,13.0,0.95,YoutubeCoverage,34.0,12.219069745533055,0.18562102317810059,1,1,7
youtube,1000,0,EfficientBFS,volume_biased,False,ub2,d,13.0,1.0,YoutubeCoverage,34.0,12.219069745533055,12054.404800653458,9765,1,7
youtube,1000,0,EfficientBFS,volume_biased,True,ub2,d,13.0,0.95,YoutubeCoverage,34.0,12.219069745533055,0.14599967002868652,1,1,7
youtube,1000,0,EfficientBFS,volume_biased,True,ub2,d,13.0,1.0,YoutubeCoverage,34.0,12.219069745533055,15807.795891523361,9765,1,7
youtube,1000,0,EfficientBFS,density_gap,False,ub2,d,14.0,0.95,YoutubeCoverage,35.0,13.220896004528647,0.1580057144165039,1,1,8
youtube,1000,0,EfficientBFS,density_gap,False,ub2,d,14.0,1.0,YoutubeCoverage,35.0,13.220896004528647,44125.65796661377,62671,1,8
youtube,1000,0,EfficientBFS,density_gap,True,ub2,d,14.0,0.95,YoutubeCoverage,35.0,13.220896004528647,0.17999958992004395,1,1,8
youtube,1000,0,EfficientBFS,probing,False,ub2,d,14.0,0.95,YoutubeCoverage,35.0,13.220896004528647,0.15900301933288574,1,1,8
youtube,1000,0,EfficientBFS,probing,True,ub2,d,14.0,0.95,YoutubeCoverage,35.0,13.220896004528647,0.19300103187561035,1,1,8
youtube,1000,0,EfficientBFS,traditional,False,ub2,d,14.0,0.95,YoutubeCoverage,35.0,13.220896004528647,0.14101028442382812,1,1,8
youtube,1000,0,EfficientBFS,traditional,False,ub2,d,14.0,1.0,YoutubeCoverage,35.0,13.220896004528647,45611.85650515556,62671,1,8
youtube,1000,0,EfficientBFS,traditional,True,ub2,d,14.0,0.95,YoutubeCoverage,35.0,13.220896004528647,0.19100069999694824,1,1,8
youtube,1000,0,EfficientBFS,traditional,True,ub2,d,14.0,1.0,YoutubeCoverage,35.0,13.220896004528647,58290.15632200241,62671,1,8
youtube,1000,0,EfficientBFS,volume_biased,False,ub2,d,14.0,0.95,YoutubeCoverage,35.0,13.220896004528647,0.15456628799438477,1,1,8
youtube,1000,0,EfficientBFS,volume_biased,True,ub2,d,14.0,0.95,YoutubeCoverage,35.0,13.220896004528647,0.1479959487915039,1,1,8
youtube,1000,0,EfficientBFS,density_gap,False,ub2,d,15.0,0.95,YoutubeCoverage,36.0,14.22295358796627,0.15300321578979492,1,1,9
youtube,1000,0,EfficientBFS,density_gap,True,ub2,d,15.0,0.95,YoutubeCoverage,36.0,14.22295358796627,0.18600034713745117,1,1,9
youtube,1000,0,EfficientBFS,probing,False,ub2,d,15.0,0.95,YoutubeCoverage,36.0,14.22295358796627,0.18500542640686035,1,1,9
youtube,1000,0,EfficientBFS,probing,True,ub2,d,15.0,0.95,YoutubeCoverage,36.0,14.22295358796627,0.18599748611450195,1,1,9
youtube,1000,0,EfficientBFS,traditional,False,ub2,d,15.0,0.95,YoutubeCoverage,36.0,14.22295358796627,0.18300414085388184,1,1,9
youtube,1000,0,EfficientBFS,traditional,True,ub2,d,15.0,0.95,YoutubeCoverage,36.0,14.22295358796627,0.18400216102600098,1,1,9
youtube,1000,0,EfficientBFS,volume_biased,False,ub2,d,15.0,0.95,YoutubeCoverage,36.0,14.22295358796627,0.18300533294677734,1,1,9
youtube,1000,0,EfficientBFS,volume_biased,True,ub2,d,15.0,0.95,YoutubeCoverage,36.0,14.22295358796627,0.19199872016906738,1,1,9
youtube,1000,0,EfficientBFS,density_gap,False,ub2,d,16.0,0.95,YoutubeCoverage,37.0,15.225859623648423,0.21801090240478516,1,1,10
youtube,1000,0,EfficientBFS,density_gap,True,ub2,d,16.0,0.95,YoutubeCoverage,37.0,15.225859623648423,0.2619953155517578,1,1,10
youtube,1000,0,EfficientBFS,probing,False,ub2,d,16.0,0.95,YoutubeCoverage,37.0,15.225859623648423,0.23200654983520508,1,1,10
youtube,1000,0,EfficientBFS,probing,True,ub2,d,16.0,0.95,YoutubeCoverage,37.0,15.225859623648423,0.20799732208251953,1,1,10
youtube,1000,0,EfficientBFS,traditional,False,ub2,d,16.0,0.95,YoutubeCoverage,37.0,15.225859623648423,0.1840057373046875,1,1,10
youtube,1000,0,EfficientBFS,traditional,True,ub2,d,16.0,0.95,YoutubeCoverage,37.0,15.225859623648423,0.2429962158203125,1,1,10
youtube,1000,0,EfficientBFS,volume_biased,False,ub2,d,16.0,0.95,YoutubeCoverage,37.0,15.225859623648423,0.18058991432189941,1,1,10
youtube,1000,0,EfficientBFS,volume_biased,True,ub2,d,16.0,0.95,YoutubeCoverage,37.0,15.225859623648423,0.25800204277038574,1,1,10
youtube,1000,0,EfficientBFS,density_gap,False,ub2,d,17.0,0.95,YoutubeCoverage,38.0,16.232424660776612,0.22000885009765625,1,1,11
youtube,1000,0,EfficientBFS,density_gap,True,ub2,d,17.0,0.95,YoutubeCoverage,38.0,16.232424660776612,0.27999281883239746,1,1,11
youtube,1000,0,EfficientBFS,probing,False,ub2,d,17.0,0.95,YoutubeCoverage,38.0,16.232424660776612,0.21701693534851074,1,1,11
youtube,1000,0,EfficientBFS,probing,True,ub2,d,17.0,0.95,YoutubeCoverage,38.0,16.232424660776612,0.256622314453125,1,1,11
youtube,1000,0,EfficientBFS,traditional,False,ub2,d,17.0,0.95,YoutubeCoverage,38.0,16.232424660776612,0.2440042495727539,1,1,11
youtube,1000,0,EfficientBFS,traditional,True,ub2,d,17.0,0.95,YoutubeCoverage,38.0,16.232424660776612,0.24100112915039062,1,1,11
youtube,1000,0,EfficientBFS,volume_biased,False,ub2,d,17.0,0.95,YoutubeCoverage,38.0,16.232424660776612,0.2395787239074707,1,1,11
youtube,1000,0,EfficientBFS,volume_biased,True,ub2,d,17.0,0.95,YoutubeCoverage,38.0,16.232424660776612,0.23900151252746582,1,1,11
youtube,1000,0,EfficientBFS,density_gap,False,ub2,d,18.0,0.95,YoutubeCoverage,39.0,17.242266633752404,0.25900721549987793,1,1,12
youtube,1000,0,EfficientBFS,density_gap,True,ub2,d,18.0,0.95,YoutubeCoverage,39.0,17.242266633752404,0.28609251976013184,1,1,12
youtube,1000,0,EfficientBFS,probing,False,ub2,d,18.0,0.95,YoutubeCoverage,39.0,17.242266633752404,0.27300524711608887,1,1,12
youtube,1000,0,EfficientBFS,probing,True,ub2,d,18.0,0.95,YoutubeCoverage,39.0,17.242266633752404,0.32593846321105957,1,1,12
youtube,1000,0,EfficientBFS,traditional,False,ub2,d,18.0,0.95,YoutubeCoverage,39.0,17.242266633752404,0.2550046443939209,1,1,12
youtube,1000,0,EfficientBFS,traditional,True,ub2,d,18.0,0.95,YoutubeCoverage,39.0,17.242266633752404,0.2859985828399658,1,1,12
youtube,1000,0,EfficientBFS,volume_biased,False,ub2,d,18.0,0.95,YoutubeCoverage,39.0,17.242266633752404,0.25800418853759766,1,1,12
youtube,1000,0,EfficientBFS,volume_biased,True,ub2,d,18.0,0.95,YoutubeCoverage,39.0,17.242266633752404,0.2950005531311035,1,1,12
youtube,1000,0,EfficientBFS,density_gap,False,ub2,d,19.0,0.95,YoutubeCoverage,40.0,18.257053832003354,0.2680058479309082,1,1,13
youtube,1000,0,EfficientBFS,density_gap,True,ub2,d,19.0,0.95,YoutubeCoverage,40.0,18.257053832003354,0.2879984378814697,1,1,13
youtube,1000,0,EfficientBFS,probing,False,ub2,d,19.0,0.95,YoutubeCoverage,40.0,18.257053832003354,0.2850048542022705,1,1,13
youtube,1000,0,EfficientBFS,probing,True,ub2,d,19.0,0.95,YoutubeCoverage,40.0,18.257053832003354,0.2890026569366455,1,1,13
youtube,1000,0,EfficientBFS,traditional,False,ub2,d,19.0,0.95,YoutubeCoverage,40.0,18.257053832003354,0.2820007801055908,1,1,13
youtube,1000,0,EfficientBFS,traditional,True,ub2,d,19.0,0.95,YoutubeCoverage,40.0,18.257053832003354,0.3410017490386963,1,1,13
youtube,1000,0,EfficientBFS,volume_biased,False,ub2,d,19.0,0.95,YoutubeCoverage,40.0,18.257053832003354,0.2980070114135742,1,1,13
youtube,1000,0,EfficientBFS,volume_biased,True,ub2,d,19.0,0.95,YoutubeCoverage,40.0,18.257053832003354,0.3750007152557373,1,1,13
youtube,1000,0,EfficientBFS,density_gap,False,ub2,d,20.0,0.95,YoutubeCoverage,41.0,19.28076410521116,0.34500622749328613,1,1,14
youtube,1000,0,EfficientBFS,density_gap,True,ub2,d,20.0,0.95,YoutubeCoverage,41.0,19.28076410521116,0.36099934577941895,1,1,14
youtube,1000,0,EfficientBFS,probing,False,ub2,d,20.0,0.95,YoutubeCoverage,41.0,19.28076410521116,0.297008752822876,1,1,14
youtube,1000,0,EfficientBFS,probing,True,ub2,d,20.0,0.95,YoutubeCoverage,41.0,19.28076410521116,0.39299535751342773,1,1,14
youtube,1000,0,EfficientBFS,traditional,False,ub2,d,20.0,0.95,YoutubeCoverage,41.0,19.28076410521116,0.33701062202453613,1,1,14
youtube,1000,0,EfficientBFS,traditional,True,ub2,d,20.0,0.95,YoutubeCoverage,41.0,19.28076410521116,0.34657788276672363,1,1,14
youtube,1000,0,EfficientBFS,volume_biased,False,ub2,d,20.0,0.95,YoutubeCoverage,41.0,19.28076410521116,0.327009916305542,1,1,14
youtube,1000,0,EfficientBFS,volume_biased,True,ub2,d,20.0,0.95,YoutubeCoverage,41.0,19.28076410521116,0.3659975528717041,1,1,14
youtube,1000,0,EfficientBFS,density_gap,False,ub2,d,21.0,0.95,YoutubeCoverage,42.0,20.313647827946603,0.3510115146636963,1,1,15
youtube,1000,0,EfficientBFS,density_gap,True,ub2,d,21.0,0.95,YoutubeCoverage,42.0,20.313647827946603,0.4530000686645508,1,1,15
youtube,1000,0,EfficientBFS,probing,False,ub2,d,21.0,0.95,YoutubeCoverage,42.0,20.313647827946603,0.3470039367675781,1,1,15
youtube,1000,0,EfficientBFS,probing,True,ub2,d,21.0,0.95,YoutubeCoverage,42.0,20.313647827946603,0.36800646781921387,1,1,15
youtube,1000,0,EfficientBFS,traditional,False,ub2,d,21.0,0.95,YoutubeCoverage,42.0,20.313647827946603,0.3590087890625,1,1,15
youtube,1000,0,EfficientBFS,traditional,True,ub2,d,21.0,0.95,YoutubeCoverage,42.0,20.313647827946603,0.40599775314331055,1,1,15
youtube,1000,0,EfficientBFS,volume_biased,False,ub2,d,21.0,0.95,YoutubeCoverage,42.0,20.313647827946603,0.416013240814209,1,1,15
youtube,1000,0,EfficientBFS,volume_biased,True,ub2,d,21.0,0.95,YoutubeCoverage,42.0,20.313647827946603,0.4089994430541992,1,1,15
youtube,1000,0,EfficientBFS,density_gap,False,ub2,d,22.0,0.95,YoutubeCoverage,43.0,21.349536097360026,0.3910093307495117,1,1,16
youtube,1000,0,EfficientBFS,density_gap,True,ub2,d,22.0,0.95,YoutubeCoverage,43.0,21.349536097360026,0.4419984817504883,1,1,16
youtube,1000,0,EfficientBFS,probing,False,ub2,d,22.0,0.95,YoutubeCoverage,43.0,21.349536097360026,0.38600969314575195,1,1,16
youtube,1000,0,EfficientBFS,probing,True,ub2,d,22.0,0.95,YoutubeCoverage,43.0,21.349536097360026,0.456005334854126,1,1,16
youtube,1000,0,EfficientBFS,traditional,False,ub2,d,22.0,0.95,YoutubeCoverage,43.0,21.349536097360026,0.4340095520019531,1,1,16
youtube,1000,0,EfficientBFS,traditional,True,ub2,d,22.0,0.95,YoutubeCoverage,43.0,21.349536097360026,0.47358131408691406,1,1,16
youtube,1000,0,EfficientBFS,volume_biased,False,ub2,d,22.0,0.95,YoutubeCoverage,43.0,21.349536097360026,0.42666172981262207,1,1,16
youtube,1000,0,EfficientBFS,volume_biased,True,ub2,d,22.0,0.95,YoutubeCoverage,43.0,21.349536097360026,0.4669992923736572,1,1,16
youtube,1000,0,EfficientBFS,density_gap,False,ub2,d,23.0,0.95,YoutubeCoverage,44.0,22.38680705902042,0.5000119209289551,1,1,17
youtube,1000,0,EfficientBFS,density_gap,True,ub2,d,23.0,0.95,YoutubeCoverage,44.0,22.38680705902042,0.5020010471343994,1,1,17
youtube,1000,0,EfficientBFS,probing,False,ub2,d,23.0,0.95,YoutubeCoverage,44.0,22.38680705902042,0.44666218757629395,1,1,17
youtube,1000,0,EfficientBFS,probing,True,ub2,d,23.0,0.95,YoutubeCoverage,44.0,22.38680705902042,0.6050007343292236,1,1,17
youtube,1000,0,EfficientBFS,traditional,False,ub2,d,23.0,0.95,YoutubeCoverage,44.0,22.38680705902042,0.4370102882385254,1,1,17
youtube,1000,0,EfficientBFS,traditional,True,ub2,d,23.0,0.95,YoutubeCoverage,44.0,22.38680705902042,0.47300243377685547,1,1,17
youtube,1000,0,EfficientBFS,volume_biased,False,ub2,d,23.0,0.95,YoutubeCoverage,44.0,22.38680705902042,0.4390068054199219,1,1,17
youtube,1000,0,EfficientBFS,volume_biased,True,ub2,d,23.0,0.95,YoutubeCoverage,44.0,22.38680705902042,1.1257696151733398,1,1,17
youtube,1000,0,EfficientBFS,density_gap,False,ub2,d,24.0,0.95,YoutubeCoverage,45.0,23.425340013751537,0.47667956352233887,1,1,18
youtube,1000,0,EfficientBFS,density_gap,True,ub2,d,24.0,0.95,YoutubeCoverage,45.0,23.425340013751537,0.6270003318786621,1,1,18
youtube,1000,0,EfficientBFS,probing,False,ub2,d,24.0,0.95,YoutubeCoverage,45.0,23.425340013751537,0.48300743103027344,1,1,18
youtube,1000,0,EfficientBFS,probing,True,ub2,d,24.0,0.95,YoutubeCoverage,45.0,23.425340013751537,0.438586950302124,1,1,18
youtube,1000,0,EfficientBFS,traditional,False,ub2,d,24.0,0.95,YoutubeCoverage,45.0,23.425340013751537,0.47600865364074707,1,1,18
youtube,1000,0,EfficientBFS,traditional,True,ub2,d,24.0,0.95,YoutubeCoverage,45.0,23.425340013751537,0.7459993362426758,1,1,18
youtube,1000,0,EfficientBFS,volume_biased,False,ub2,d,24.0,0.95,YoutubeCoverage,45.0,23.425340013751537,0.456012487411499,1,1,18
youtube,1000,0,EfficientBFS,volume_biased,True,ub2,d,24.0,0.95,YoutubeCoverage,45.0,23.425340013751537,0.5965735912322998,1,1,18
youtube,1000,0,EfficientBFS,density_gap,False,ub2,d,25.0,0.95,YoutubeCoverage,46.0,24.47510495168211,0.5270106792449951,1,1,19
youtube,1000,0,EfficientBFS,density_gap,True,ub2,d,25.0,0.95,YoutubeCoverage,46.0,24.47510495168211,0.8659999370574951,1,1,19
youtube,1000,0,EfficientBFS,probing,False,ub2,d,25.0,0.95,YoutubeCoverage,46.0,24.47510495168211,0.5230114459991455,1,1,19
youtube,1000,0,EfficientBFS,probing,True,ub2,d,25.0,0.95,YoutubeCoverage,46.0,24.47510495168211,0.5460009574890137,1,1,19
youtube,1000,0,EfficientBFS,traditional,False,ub2,d,25.0,0.95,YoutubeCoverage,46.0,24.47510495168211,0.6290187835693359,1,1,19
youtube,1000,0,EfficientBFS,traditional,True,ub2,d,25.0,0.95,YoutubeCoverage,46.0,24.47510495168211,0.5560009479522705,1,1,19
youtube,1000,0,EfficientBFS,volume_biased,False,ub2,d,25.0,0.95,YoutubeCoverage,46.0,24.47510495168211,0.5470144748687744,1,1,19
youtube,1000,0,EfficientBFS,volume_biased,True,ub2,d,25.0,0.95,YoutubeCoverage,46.0,24.47510495168211,0.614997148513794,1,1,19
youtube,1000,0,EfficientBFS,density_gap,False,ub2,d,26.0,0.95,YoutubeCoverage,47.0,25.529645419799813,0.552009105682373,1,1,20
youtube,1000,0,EfficientBFS,density_gap,True,ub2,d,26.0,0.95,YoutubeCoverage,47.0,25.529645419799813,0.6130023002624512,1,1,20
youtube,1000,0,EfficientBFS,probing,False,ub2,d,26.0,0.95,YoutubeCoverage,47.0,25.529645419799813,0.5090134143829346,1,1,20
youtube,1000,0,EfficientBFS,probing,True,ub2,d,26.0,0.95,YoutubeCoverage,47.0,25.529645419799813,0.6680006980895996,1,1,20
youtube,1000,0,EfficientBFS,traditional,False,ub2,d,26.0,0.95,YoutubeCoverage,47.0,25.529645419799813,0.5810136795043945,1,1,20
youtube,1000,0,EfficientBFS,traditional,True,ub2,d,26.0,0.95,YoutubeCoverage,47.0,25.529645419799813,0.5560023784637451,1,1,20
youtube,1000,0,EfficientBFS,volume_biased,False,ub2,d,26.0,0.95,YoutubeCoverage,47.0,25.529645419799813,0.6140141487121582,1,1,20
youtube,1000,0,EfficientBFS,volume_biased,True,ub2,d,26.0,0.95,YoutubeCoverage,47.0,25.529645419799813,0.5759913921356201,1,1,20
youtube,1000,0,EfficientBFS,density_gap,False,ub2,d,27.0,0.95,YoutubeCoverage,48.0,26.585460435873497,0.6190168857574463,1,1,21
youtube,1000,0,EfficientBFS,density_gap,True,ub2,d,27.0,0.95,YoutubeCoverage,48.0,26.585460435873497,0.6836519241333008,1,1,21
youtube,1000,0,EfficientBFS,probing,False,ub2,d,27.0,0.95,YoutubeCoverage,48.0,26.585460435873497,0.707017183303833,1,1,21
youtube,1000,0,EfficientBFS,probing,True,ub2,d,27.0,0.95,YoutubeCoverage,48.0,26.585460435873497,0.7039985656738281,1,1,21
youtube,1000,0,EfficientBFS,traditional,False,ub2,d,27.0,0.95,YoutubeCoverage,48.0,26.585460435873497,0.6426510810852051,1,1,21
youtube,1000,0,EfficientBFS,traditional,True,ub2,d,27.0,0.95,YoutubeCoverage,48.0,26.585460435873497,0.6899998188018799,1,1,21
youtube,1000,0,EfficientBFS,volume_biased,False,ub2,d,27.0,0.95,YoutubeCoverage,48.0,26.585460435873497,0.5920140743255615,1,1,21
youtube,1000,0,EfficientBFS,volume_biased,True,ub2,d,27.0,0.95,YoutubeCoverage,48.0,26.585460435873497,0.7185797691345215,1,1,21
youtube,1000,0,EfficientBFS,density_gap,False,ub2,d,28.0,0.95,YoutubeCoverage,49.0,27.64194100131429,0.6715953350067139,1,1,22
youtube,1000,0,EfficientBFS,density_gap,True,ub2,d,28.0,0.95,YoutubeCoverage,49.0,27.64194100131429,1.020003318786621,1,1,22
youtube,1000,0,EfficientBFS,probing,False,ub2,d,28.0,0.95,YoutubeCoverage,49.0,27.64194100131429,0.7450156211853027,1,1,22
youtube,1000,0,EfficientBFS,probing,True,ub2,d,28.0,0.95,YoutubeCoverage,49.0,27.64194100131429,0.9660036563873291,1,1,22
youtube,1000,0,EfficientBFS,traditional,False,ub2,d,28.0,0.95,YoutubeCoverage,49.0,27.64194100131429,0.6920163631439209,1,1,22
youtube,1000,0,EfficientBFS,traditional,True,ub2,d,28.0,0.95,YoutubeCoverage,49.0,27.64194100131429,0.8020021915435791,1,1,22
youtube,1000,0,EfficientBFS,volume_biased,False,ub2,d,28.0,0.95,YoutubeCoverage,49.0,27.64194100131429,0.8630225658416748,1,1,22
youtube,1000,0,EfficientBFS,volume_biased,True,ub2,d,28.0,0.95,YoutubeCoverage,49.0,27.64194100131429,0.8659963607788086,1,1,22
youtube,1000,0,EfficientBFS,density_gap,False,ub2,d,29.0,0.95,YoutubeCoverage,50.0,28.701076686006083,0.7130136489868164,1,1,23
youtube,1000,0,EfficientBFS,density_gap,True,ub2,d,29.0,0.95,YoutubeCoverage,50.0,28.701076686006083,0.8300034999847412,1,1,23
youtube,1000,0,EfficientBFS,probing,False,ub2,d,29.0,0.95,YoutubeCoverage,50.0,28.701076686006083,0.8026916980743408,1,1,23
youtube,1000,0,EfficientBFS,probing,True,ub2,d,29.0,0.95,YoutubeCoverage,50.0,28.701076686006083,0.8156251907348633,1,1,23
youtube,1000,0,EfficientBFS,traditional,False,ub2,d,29.0,0.95,YoutubeCoverage,50.0,28.701076686006083,0.7880165576934814,1,1,23
youtube,1000,0,EfficientBFS,traditional,True,ub2,d,29.0,0.95,YoutubeCoverage,50.0,28.701076686006083,0.9240009784698486,1,1,23
youtube,1000,0,EfficientBFS,volume_biased,False,ub2,d,29.0,0.95,YoutubeCoverage,50.0,28.701076686006083,0.7852077484130859,1,1,23
youtube,1000,0,EfficientBFS,volume_biased,True,ub2,d,29.0,0.95,YoutubeCoverage,50.0,28.701076686006083,0.8386876583099365,1,1,23
youtube,1000,0,EfficientBFS,density_gap,False,ub2,d,30.0,0.95,YoutubeCoverage,51.0,29.77764256949114,0.8100197315216064,1,1,24
youtube,1000,0,EfficientBFS,density_gap,True,ub2,d,30.0,0.95,YoutubeCoverage,51.0,29.77764256949114,0.827996015548706,1,1,24
youtube,1000,0,EfficientBFS,probing,False,ub2,d,30.0,0.95,YoutubeCoverage,51.0,29.77764256949114,0.8605854511260986,1,1,24
youtube,1000,0,EfficientBFS,probing,True,ub2,d,30.0,0.95,YoutubeCoverage,51.0,29.77764256949114,0.9225571155548096,1,1,24
youtube,1000,0,EfficientBFS,traditional,False,ub2,d,30.0,0.95,YoutubeCoverage,51.0,29.77764256949114,0.7926208972930908,1,1,24
youtube,1000,0,EfficientBFS,traditional,True,ub2,d,30.0,0.95,YoutubeCoverage,51.0,29.77764256949114,0.9100015163421631,1,1,24
youtube,1000,0,EfficientBFS,volume_biased,False,ub2,d,30.0,0.95,YoutubeCoverage,51.0,29.77764256949114,0.8458466529846191,1,1,24
youtube,1000,0,EfficientBFS,volume_biased,True,ub2,d,30.0,0.95,YoutubeCoverage,51.0,29.77764256949114,0.9360041618347168,1,1,24
